freq_hz,pre_db,post_db,delta_db
58.593750,-23.886526,20.844170,44.730698
70.312500,-31.461727,21.487616,52.949341
82.031250,-27.308701,16.968277,44.276978
93.750000,-22.987076,-0.462212,22.524864
105.468750,-17.468744,30.624111,48.092857
117.187500,-18.321156,35.001637,53.322792
128.906250,-31.003677,28.454802,59.458481
140.625000,-22.848568,20.081120,42.929688
152.343750,-35.567604,25.370358,60.937962
164.062500,-18.134714,26.622532,44.757248
175.781250,-17.820478,21.722088,39.542564
187.500000,-27.053061,10.202437,37.255497
199.218750,-28.268230,6.175512,34.443741
210.937500,-15.754448,17.668865,33.423313
222.656250,-11.615577,24.641445,36.257023
234.375000,-22.764828,22.188488,44.953316
246.093750,-24.658175,8.441686,33.099861
257.812500,-11.504469,12.560308,24.064777
269.531250,-2.004686,19.384424,21.389111
281.250000,-5.241756,24.590723,29.832479
292.968750,-26.098869,22.757511,48.856380
304.687500,-42.500381,13.072748,55.573128
316.406250,-20.582867,0.960838,21.543705
328.125000,-16.214758,13.679093,29.893852
339.843750,-21.522469,23.619940,45.142410
351.562500,-44.623112,23.470753,68.093864
363.281250,-41.802143,11.827296,53.629440
375.000000,-31.241968,11.367271,42.609238
386.718750,-34.285110,14.223238,48.508347
398.437500,-37.465683,13.721065,51.186749
410.156250,-44.597336,3.881289,48.478626
421.875000,-37.272682,3.437366,40.710049
433.593750,-31.373117,6.010832,37.383949
445.312500,-32.361336,8.587025,40.948360
457.031250,-41.703865,17.580677,59.284542
468.750000,-38.976990,13.671057,52.648048
480.468750,-56.414013,3.206457,59.620468
492.187500,-34.696281,1.794198,36.490479
503.906250,-31.727398,13.611517,45.338913
515.625000,-37.896458,19.606113,57.502571
527.343750,-42.987129,15.268489,58.255619
539.062500,-58.997223,0.214244,59.211468
550.781250,-33.078663,7.281291,40.359955
562.500000,-37.573627,2.039757,39.613384
574.218750,-38.303230,9.501699,47.804932
585.937500,-46.513390,0.412546,46.925938
597.656250,-35.291588,4.834358,40.125946
609.375000,-37.191868,5.989275,43.181145
621.093750,-49.271790,7.395772,56.667561
632.812500,-34.659073,16.714827,51.373901
644.531250,-33.401802,15.684966,49.086769
656.250000,-36.880661,10.312181,47.192841
667.968750,-31.942873,11.110629,43.053501
679.687500,-33.566051,17.807878,51.373932
691.406250,-32.630684,20.836241,53.466927
703.125000,-36.743282,15.136511,51.879791
714.843750,-37.178974,9.905721,47.084694
726.562500,-43.241661,4.327073,47.568733
738.281250,-46.477451,15.652950,62.130402
750.000000,-37.507481,19.188993,56.696472
761.718750,-31.116913,8.713230,39.830143
773.437500,-33.497421,3.024399,36.521820
785.156250,-53.353691,-4.826233,48.527458
796.875000,-35.654278,5.553486,41.207764
808.593750,-30.062363,10.061936,40.124298
820.312500,-33.120274,-1.318171,31.802103
832.031250,-44.677738,-6.250411,38.427326
843.750000,-42.201347,-2.800712,39.400635
855.468750,-38.243195,7.104897,45.348091
867.187500,-32.688011,9.381499,42.069511
878.906250,-31.945562,0.151792,32.097355
890.625000,-43.297596,10.057671,53.355267
902.343750,-37.347893,17.889740,55.237633
914.062500,-47.498116,16.957514,64.455627
925.781250,-28.459570,10.913001,39.372570
937.500000,-30.219419,16.365086,46.584503
949.218750,-43.445034,15.690584,59.135620
960.937500,-43.113346,14.198942,57.312286
972.656250,-51.303612,9.479555,60.783165
984.375000,-46.057697,-8.679152,37.378548
996.093750,-54.698524,3.184941,57.883465
1007.812500,-40.564636,-0.416122,40.148514
1019.531250,-43.614792,-5.087159,38.527634
1031.250000,-46.598587,8.516185,55.114773
1042.968750,-50.669670,10.901777,61.571449
1054.687500,-44.138802,6.576162,50.714966
1066.406250,-50.158333,-11.427414,38.730919
1078.125000,-40.705296,-9.248941,31.456354
1089.843750,-42.069923,6.531880,48.601803
1101.562500,-39.503628,7.862198,47.365826
1113.281250,-37.924427,3.050227,40.974655
1125.000000,-40.884384,5.593815,46.478199
1136.718750,-40.909500,2.260068,43.169567
1148.437500,-40.588364,2.865685,43.454048
1160.156250,-37.388916,0.498622,37.887539
1171.875000,-37.364880,3.583519,40.948399
1183.593750,-42.191811,-1.987992,40.203819
1195.312500,-45.798279,-2.114405,43.683876
1207.031250,-43.617058,-10.514550,33.102509
1218.750000,-44.980793,4.125034,49.105827
1230.468750,-39.339268,5.133016,44.472282
1242.187500,-42.525734,-2.691144,39.834591
1253.906250,-48.776436,-9.926465,38.849972
1265.625000,-43.372349,-10.621456,32.750893
1277.343750,-41.882118,-9.173578,32.708542
1289.062500,-36.870201,-1.642922,35.227280
1300.781250,-36.444180,-3.082801,33.361378
1312.500000,-41.546318,-9.369390,32.176926
1324.218750,-35.450279,-11.531116,23.919163
1335.937500,-39.627922,-3.154438,36.473484
1347.656250,-44.621578,3.285903,47.907482
1359.375000,-44.953442,2.216122,47.169563
1371.093750,-48.297253,-3.756861,44.540390
1382.812500,-46.964790,-4.386584,42.578205
1394.531250,-36.501553,-15.929525,20.572027
1406.250000,-36.326393,-10.974675,25.351719
1417.968750,-41.566277,-18.889503,22.676773
1429.687500,-43.080635,-2.572068,40.508568
1441.406250,-40.698933,-1.407751,39.291183
1453.125000,-44.577026,-9.697562,34.879463
1464.843750,-37.292305,-1.101683,36.190620
1476.562500,-51.569695,8.460930,60.030624
1488.281250,-49.539696,6.362271,55.901966
1500.000000,-46.074211,-2.026554,44.047657
1511.718750,-48.944061,-6.447291,42.496769
1523.437500,-60.636440,-0.919412,59.717030
1535.156250,-49.995213,6.729214,56.724426
1546.875000,-43.366264,8.353290,51.719555
1558.593750,-35.046562,4.432450,39.479012
1570.312500,-38.077824,-1.552794,36.525028
1582.031250,-46.356888,-1.300943,45.055946
1593.750000,-46.585049,4.787039,51.372086
1605.468750,-39.552879,8.448530,48.001411
1617.187500,-38.066887,5.312277,43.379166
1628.906250,-36.318287,-0.984535,35.333752
1640.625000,-56.124092,-3.332270,52.791824
1652.343750,-35.168205,-2.293814,32.874390
1664.062500,-35.662819,2.663806,38.326626
1675.781250,-39.576756,6.096426,45.673180
1687.500000,-54.037418,3.852203,57.889622
1699.218750,-48.850903,-3.360918,45.489986
1710.937500,-43.672768,-12.056553,31.616215
1722.656250,-37.164726,-13.064557,24.100170
1734.375000,-36.538269,-22.771017,13.767252
1746.093750,-39.191883,-7.838263,31.353621
1757.812500,-43.583660,0.782607,44.366268
1769.531250,-60.929504,0.944623,61.874126
1781.250000,-46.561165,-6.277053,40.284111
1792.968750,-43.880047,0.721465,44.601513
1804.687500,-50.254868,-2.468282,47.786587
1816.406250,-56.211464,-16.186436,40.025028
1828.125000,-50.183430,-21.496393,28.687037
1839.843750,-40.841187,-7.491823,33.349365
1851.562500,-38.808392,-10.055861,28.752529
1863.281250,-37.787201,-1.141852,36.645348
1875.000000,-37.765926,0.426722,38.192650
1886.718750,-41.514278,-9.352023,32.162254
1898.437500,-44.359253,3.372524,47.731777
1910.156250,-57.532047,1.754573,59.286621
1921.875000,-39.796543,-8.940166,30.856377
1933.593750,-47.427845,-7.899871,39.527973
1945.312500,-34.407719,-1.413103,32.994614
1957.031250,-37.371384,-7.827806,29.543577
1968.750000,-38.649189,-17.741451,20.907738
1980.468750,-36.020008,-13.859274,22.160734
1992.187500,-37.539474,-20.529400,17.010075
2003.906250,-53.756199,1.452632,55.208832
2015.625000,-38.743652,2.911556,41.655209
2027.343750,-42.532906,-14.503941,28.028965
2039.062500,-48.066360,-9.907772,38.158588
2050.781250,-45.188019,-10.036878,35.151142
2062.500000,-41.259617,-8.971293,32.288322
2074.218750,-46.255928,-1.908863,44.347065
2085.937500,-38.272461,0.083775,38.356236
2097.656250,-38.609879,-5.047884,33.561993
2109.375000,-49.238312,-11.899451,37.338860
2121.093750,-41.705173,-15.767414,25.937759
2132.812500,-41.013374,-12.354612,28.658762
2144.531250,-41.043045,-5.414842,35.628204
2156.250000,-39.682835,-5.979685,33.703148
2167.968750,-53.785400,-12.418446,41.366955
2179.687500,-52.159088,-22.961918,29.197170
2191.406250,-43.903511,-14.204326,29.699184
2203.125000,-47.154270,-10.821847,36.332424
2214.843750,-44.119793,-12.160101,31.959692
2226.562500,-41.990898,-22.578451,19.412447
2238.281250,-42.263851,-21.315250,20.948601
2250.000000,-39.315514,-18.491882,20.823631
2261.718750,-37.680832,-14.866815,22.814018
2273.437500,-39.261189,-19.616478,19.644711
2285.156250,-42.678410,-23.905249,18.773161
2296.875000,-47.434586,-26.798555,20.636030
2308.593750,-38.881775,-23.494055,15.387720
2320.312500,-37.160797,-32.288124,4.872673
2332.031250,-47.129089,-18.440994,28.688095
2343.750000,-44.878143,-10.507524,34.370621
2355.468750,-43.219376,-8.466776,34.752602
2367.187500,-40.898418,-6.747497,34.150921
2378.906250,-48.231949,-12.010090,36.221859
2390.625000,-45.797127,-22.683012,23.114115
2402.343750,-50.426517,-21.734394,28.692123
2414.062500,-38.460197,-25.729368,12.730829
2425.781250,-37.838348,-17.623516,20.214832
2437.500000,-45.214611,-18.817533,26.397078
2449.218750,-49.055084,-18.120749,30.934336
2460.937500,-48.499382,-16.075550,32.423832
2472.656250,-48.943600,-16.882027,32.061573
2484.375000,-45.629623,-28.724089,16.905535
2496.093750,-43.999176,-20.313997,23.685179
2507.812500,-55.534302,-4.934153,50.600147
2519.531250,-42.606041,-2.537252,40.068790
2531.250000,-43.293472,-12.339992,30.953480
2542.968750,-46.362415,-24.445072,21.917343
2554.687500,-38.549339,-16.620007,21.929333
2566.406250,-42.756882,-8.396308,34.360573
2578.125000,-39.328072,-8.460577,30.867495
2589.843750,-39.629471,-14.558848,25.070621
2601.562500,-43.483604,-14.869422,28.614182
2613.281250,-37.586121,-18.086233,19.499887
2625.000000,-40.301586,-22.820406,17.481180
2636.718750,-50.282993,-19.749544,30.533449
2648.437500,-50.613152,-14.150132,36.463020
2660.156250,-48.641811,-5.389030,43.252781
2671.875000,-43.142277,-6.310028,36.832249
2683.593750,-38.745220,-11.848025,26.897194
2695.312500,-38.597771,-18.255934,20.341837
2707.031250,-37.716759,-20.949574,16.767185
2718.750000,-38.386520,-22.352369,16.034151
2730.468750,-48.888992,-13.125049,35.763943
2742.187500,-43.677048,-8.945852,34.731194
2753.906250,-39.739952,-13.238564,26.501389
2765.625000,-45.992317,-15.934945,30.057373
2777.343750,-46.861031,-20.148651,26.712379
2789.062500,-47.627102,-30.912905,16.714197
2800.781250,-48.679356,-29.873043,18.806313
2812.500000,-40.812172,-17.811464,23.000708
2824.218750,-38.180595,-18.355629,19.824966
2835.937500,-39.564659,-26.486702,13.077957
2847.656250,-42.685123,-24.550207,18.134916
2859.375000,-45.329929,-29.918583,15.411346
2871.093750,-77.743973,-19.201681,58.542290
2882.812500,-46.469769,-13.047999,33.421768
2894.531250,-39.857208,-16.868015,22.989193
2906.250000,-49.193954,-30.620573,18.573381
2917.968750,-37.523197,-26.613028,10.910170
2929.687500,-35.086567,-17.815510,17.271057
2941.406250,-36.981308,-17.875484,19.105824
2953.125000,-41.834259,-26.739586,15.094673
2964.843750,-42.963943,-27.959381,15.004562
2976.562500,-41.065811,-25.090851,15.974960
2988.281250,-41.056389,-20.734192,20.322197
3000.000000,-42.006187,-31.163696,10.842491
3011.718750,-41.217316,-19.744640,21.472675
3023.437500,-39.392506,-18.014847,21.377659
3035.156250,-49.667809,-22.130531,27.537277
3046.875000,-49.291271,-27.722771,21.568501
3058.593750,-42.815781,-25.941978,16.873802
3070.312500,-35.112305,-35.545486,-0.433182
3082.031250,-34.887016,-24.139328,10.747688
3093.750000,-38.130489,-20.465128,17.665361
3105.468750,-41.945580,-22.662821,19.282759
3117.187500,-43.536392,-24.506554,19.029839
3128.906250,-44.235611,-13.844261,30.391350
3140.625000,-44.292526,-20.494156,23.798370
3152.343750,-52.809021,-20.902775,31.906246
3164.062500,-46.414982,-26.248852,20.166130
3175.781250,-49.631519,-19.357822,30.273697
3187.500000,-46.865585,-17.720322,29.145264
3199.218750,-46.393112,-18.929613,27.463499
3210.937500,-42.080284,-13.876172,28.204113
3222.656250,-50.149212,-15.838434,34.310776
3234.375000,-44.903625,-32.138409,12.765217
3246.093750,-54.823349,-32.323704,22.499645
3257.812500,-40.758095,-21.744431,19.013664
3269.531250,-41.228195,-17.671879,23.556316
3281.250000,-38.127827,-21.347521,16.780306
3292.968750,-43.107964,-14.888377,28.219585
3304.687500,-47.149376,-12.204342,34.945034
3316.406250,-48.041264,-18.804667,29.236597
3328.125000,-42.947193,-27.133518,15.813675
3339.843750,-45.161358,-16.038033,29.123325
3351.562500,-48.532528,-13.814477,34.718052
3363.281250,-45.440598,-20.954611,24.485987
3375.000000,-53.587303,-28.081497,25.505806
3386.718750,-49.113876,-25.951973,23.161903
3398.437500,-46.933907,-28.482193,18.451714
3410.156250,-49.733154,-35.944752,13.788403
3421.875000,-47.962051,-37.903889,10.058163
3433.593750,-47.835270,-30.538746,17.296524
3445.312500,-55.350552,-42.137951,13.212601
3457.031250,-51.881104,-29.842413,22.038691
3468.750000,-72.670731,-19.180817,53.489914
3480.468750,-64.536545,-13.259562,51.276981
3492.187500,-42.792061,-11.600258,31.191803
3503.906250,-43.502464,-13.420711,30.081753
3515.625000,-39.194042,-18.923042,20.271000
3527.343750,-42.196686,-26.635578,15.561108
3539.062500,-62.072525,-30.791893,31.280632
3550.781250,-44.109913,-23.293245,20.816668
3562.500000,-41.889961,-22.586849,19.303112
3574.218750,-43.339890,-30.091606,13.248283
3585.937500,-38.135605,-35.930634,2.204971
3597.656250,-40.809036,-30.748440,10.060596
3609.375000,-38.184372,-21.648657,16.535715
3621.093750,-37.132248,-16.965015,20.167233
3632.812500,-37.813114,-13.710800,24.102314
3644.531250,-44.038425,-15.064142,28.974283
3656.250000,-38.791187,-21.341721,17.449467
3667.968750,-39.621357,-32.732395,6.888962
3679.687500,-41.350273,-37.171349,4.178925
3691.406250,-45.290344,-30.206299,15.084045
3703.125000,-48.451290,-24.505638,23.945652
3714.843750,-49.907776,-24.044792,25.862984
3726.562500,-40.197998,-20.279129,19.918869
3738.281250,-39.874416,-17.311676,22.562740
3750.000000,-46.821728,-30.715199,16.106529
3761.718750,-50.098961,-28.228348,21.870613
3773.437500,-51.762192,-21.201149,30.561043
3785.156250,-60.491287,-17.153286,43.338001
3796.875000,-44.243259,-21.742214,22.501045
3808.593750,-42.552788,-29.010017,13.542770
3820.312500,-41.573082,-29.257317,12.315765
3832.031250,-45.824104,-33.687508,12.136597
3843.750000,-50.718342,-28.998556,21.719786
3855.468750,-53.919380,-30.066946,23.852434
3867.187500,-46.561722,-29.122272,17.439449
3878.906250,-44.823517,-21.979099,22.844418
3890.625000,-42.475643,-23.582993,18.892651
3902.343750,-38.572353,-19.329407,19.242947
3914.062500,-39.335762,-20.658609,18.677153
3925.781250,-49.473557,-33.257252,16.216305
3937.500000,-47.499664,-32.205212,15.294453
3949.218750,-44.986797,-39.873642,5.113155
3960.937500,-45.465206,-34.110207,11.355000
3972.656250,-43.528206,-27.686081,15.842125
3984.375000,-43.829578,-21.227591,22.601988
3996.093750,-40.091267,-19.820015,20.271252
4007.812500,-42.130032,-21.425512,20.704519
4019.531250,-39.329514,-23.355831,15.973682
4031.250000,-41.486336,-27.789711,13.696625
4042.968750,-46.329922,-44.278240,2.051682
4054.687500,-37.748661,-40.363190,-2.614529
4066.406250,-39.024574,-34.290695,4.733879
4078.125000,-42.570786,-40.475426,2.095360
4089.843750,-45.103119,-32.987808,12.115311
4101.562500,-42.691551,-41.657433,1.034119
4113.281250,-43.960846,-29.039227,14.921619
4125.000000,-46.855095,-22.269938,24.585157
4136.718750,-43.828972,-23.078566,20.750406
4148.437500,-41.144257,-34.776169,6.368088
4160.156250,-40.091167,-34.237827,5.853340
4171.875000,-43.735580,-38.037682,5.697899
4183.593750,-56.886868,-31.033686,25.853182
4195.312500,-41.851913,-33.396072,8.455841
4207.031250,-40.940422,-37.132362,3.808060
4218.750000,-46.372684,-36.341457,10.031227
4230.468750,-45.070744,-35.740162,9.330582
4242.187500,-39.567062,-43.452721,-3.885658
4253.906250,-47.049446,-47.728020,-0.678574
4265.625000,-54.900631,-33.502964,21.397667
4277.343750,-48.233917,-31.113712,17.120205
4289.062500,-40.285522,-34.040695,6.244827
4300.781250,-35.086189,-34.443920,0.642269
4312.500000,-35.356056,-30.445393,4.910664
4324.218750,-38.474209,-32.853897,5.620312
4335.937500,-37.784771,-36.869690,0.915081
4347.656250,-38.106766,-38.426945,-0.320179
4359.375000,-39.839554,-55.370483,-15.530930
4371.093750,-42.903297,-31.774853,11.128445
4382.812500,-39.896122,-33.855816,6.040306
4394.531250,-45.990662,-31.404137,14.586525
4406.250000,-40.810276,-25.390654,15.419622
4417.968750,-41.714119,-30.109600,11.604519
4429.687500,-56.097866,-38.776215,17.321651
4441.406250,-49.432198,-26.071999,23.360199
4453.125000,-48.379166,-23.363161,25.016005
4464.843750,-49.107056,-34.512638,14.594418
4476.562500,-45.257092,-43.075985,2.181107
4488.281250,-57.530708,-31.854828,25.675880
4500.000000,-50.895180,-32.367710,18.527470
4511.718750,-45.108200,-37.984596,7.123604
4523.437500,-44.349464,-35.984035,8.365429
4535.156250,-48.110817,-31.937843,16.172974
4546.875000,-44.692940,-31.113132,13.579807
4558.593750,-55.140514,-34.823792,20.316723
4570.312500,-46.744137,-41.772446,4.971691
4582.031250,-43.233307,-35.241550,7.991756
4593.750000,-42.164120,-32.920181,9.243938
4605.468750,-41.838169,-37.499954,4.338215
4617.187500,-44.022057,-43.545044,0.477013
4628.906250,-56.796608,-46.940460,9.856148
4640.625000,-48.993038,-40.874084,8.118954
4652.343750,-44.093246,-38.314232,5.779015
4664.062500,-46.912102,-42.191811,4.720291
4675.781250,-53.785751,-42.371132,11.414619
4687.500000,-41.154190,-42.535534,-1.381344
4699.218750,-37.999950,-34.367340,3.632610
4710.937500,-41.388248,-31.699593,9.688656
4722.656250,-46.160679,-34.916286,11.244392
4734.375000,-42.847267,-35.169899,7.677368
4746.093750,-42.048985,-40.542603,1.506382
4757.812500,-40.707314,-45.964924,-5.257610
4769.531250,-43.536850,-39.884800,3.652050
4781.250000,-39.473312,-51.354465,-11.881153
4792.968750,-38.572601,-36.562702,2.009899
4804.687500,-50.528339,-34.304317,16.224022
4816.406250,-39.772953,-41.159245,-1.386292
4828.125000,-37.991859,-41.902657,-3.910797
4839.843750,-37.628872,-40.006790,-2.377918
4851.562500,-47.110008,-34.055801,13.054207
4863.281250,-47.899872,-34.109520,13.790352
4875.000000,-42.964615,-39.345356,3.619259
4886.718750,-40.898575,-54.374146,-13.475571
4898.437500,-48.113140,-41.988831,6.124310
4910.156250,-47.224724,-44.875851,2.348873
4921.875000,-49.566292,-44.632587,4.933704
4933.593750,-46.524040,-40.704212,5.819828
4945.312500,-43.338890,-39.528942,3.809948
4957.031250,-40.088501,-37.557102,2.531399
4968.750000,-48.568878,-37.735199,10.833679
4980.468750,-45.421505,-44.010132,1.411373
4992.187500,-50.604401,-40.943962,9.660439
