label,folder,fs,pre_ms,lead_ms,post_ms,peak,clip,rms_pre,rms_post,snr_proxy_db,onset_sample,onset_ms_est,onset_minus_enter_ms,flags
a#3,a#3/rep001_20251218-233145,48000,300,0,400,0.106475830078125,0,0.0008268696838058531,0.027793925255537033,30.530246126564613,16320.0,340.0,40.0,
a#3,a#3/rep002_20251218-233148,48000,300,0,400,0.10235595703125,0,0.0008176632109098136,0.027000626549124718,30.37597738040529,15840.0,330.0,30.0,
a#3,a#3/rep003_20251218-233151,48000,300,0,400,0.09283447265625,0,0.0009061489254236221,0.024544181302189827,28.65497017930824,16080.0,335.0,35.0,
a#3,a#3/rep004_20251218-233154,48000,300,0,400,0.110504150390625,0,0.000755386077798903,0.02765577659010887,31.272326454423556,15840.0,330.0,30.0,
a#3,a#3/rep005_20251218-233157,48000,300,0,400,0.10504150390625,0,0.0007661560666747391,0.02754821814596653,31.11551434943522,16080.0,335.0,35.0,
a#3,a#3/rep006_20251218-233200,48000,300,0,400,0.09686279296875,0,0.0008049277239479125,0.025275344029068947,29.93879334549522,16560.0,345.0,45.0,
a#3,a#3/rep007_20251218-233206,48000,300,0,400,0.102508544921875,0,0.0008963805739767849,0.026876084506511688,29.537461870721717,15840.0,330.0,30.0,
a#3,a#3/rep008_20251218-233209,48000,300,0,400,0.096435546875,0,0.000954801740590483,0.025508638471364975,28.535472775971847,16320.0,340.0,40.0,
a#3,a#3/rep009_20251218-233212,48000,300,0,400,0.08502197265625,0,0.000984838348813355,0.02221771515905857,27.066680437157263,16560.0,345.0,45.0,
a3,a3/rep001_20251218-233113,48000,300,0,400,0.133636474609375,0,0.0007967195124365389,0.03021402098238468,31.578050843076152,16800.0,350.0,50.0,
a3,a3/rep002_20251218-233116,48000,300,0,400,0.10931396484375,0,0.0007398056332021952,0.025189261883497238,30.641944758673382,15840.0,330.0,30.0,
a3,a3/rep003_20251218-233118,48000,300,0,400,0.11517333984375,0,0.0008407420245930552,0.025703372433781624,29.706537063515192,16080.0,335.0,35.0,
a3,a3/rep004_20251218-233121,48000,300,0,400,0.11083984375,0,0.0008536112727597356,0.024641500785946846,29.20813044082649,16560.0,345.0,45.0,
a3,a3/rep005_20251218-233124,48000,300,0,400,0.10919189453125,0,0.0008000829257071018,0.02421245537698269,29.618066121559885,16320.0,340.0,40.0,
a3,a3/rep006_20251218-233127,48000,300,0,400,0.106414794921875,0,0.0008351256838068366,0.024248681962490082,29.2587159001241,16560.0,345.0,45.0,
a3,a3/rep007_20251218-233129,48000,300,0,400,0.132537841796875,0,0.0008571952348574996,0.02999003604054451,30.877934947454733,16800.0,350.0,50.0,
a3,a3/rep008_20251218-233132,48000,300,0,400,0.111480712890625,0,0.0008367227856069803,0.02467416040599346,29.3932057292527,16800.0,350.0,50.0,
a3,a3/rep009_20251218-233135,48000,300,0,400,0.1253662109375,0,0.0008128072367981076,0.028414160013198853,30.870934822661464,16080.0,335.0,35.0,
a3,a3/rep010_20251218-233139,48000,300,0,400,0.1148681640625,0,0.0009151497506536543,0.025935770943760872,29.048130768816346,15840.0,330.0,30.0,
b3,b3/rep002_20251218-233234,48000,300,0,400,0.08941650390625,0,0.0008539732079952955,0.022030478343367577,28.231583850614506,16080.0,335.0,35.0,
b3,b3/rep003_20251218-233259,48000,300,0,400,0.0919189453125,0,0.0007413476705551147,0.02380148321390152,30.13163053137117,16080.0,335.0,35.0,
b3,b3/rep004_20251218-233303,48000,300,0,400,0.093353271484375,0,0.0008438891381956637,0.022942176088690758,28.686974320516406,16560.0,345.0,45.0,
b3,b3/rep005_20251218-233307,48000,300,0,400,0.084259033203125,0,0.000871122581884265,0.021786455065011978,27.96213640252581,16080.0,335.0,35.0,
b3,b3/rep006_20251218-233311,48000,300,0,400,0.080322265625,0,0.0008168619824573398,0.020718008279800415,28.08397615098681,15600.0,325.0,25.0,
b3,b3/rep007_20251218-233314,48000,300,0,400,0.085906982421875,0,0.0007775166886858642,0.02248353511095047,29.22308676163354,16800.0,350.0,50.0,
b3,b3/rep008_20251218-233318,48000,300,0,400,0.071990966796875,0,0.0008131833747029305,0.019147079437971115,27.438270733720003,16320.0,340.0,40.0,
b3,b3/rep009_20251218-233321,48000,300,0,400,0.10015869140625,0,0.0008050851174630225,0.025626325979828835,30.056880506138427,16080.0,335.0,35.0,
b3,b3/rep010_20251218-233325,48000,300,0,400,0.085418701171875,0,0.0008224071934819221,0.02253148891031742,28.75404964474469,16080.0,335.0,35.0,
c#3,c#3/rep001_20251218-232724,48000,300,0,400,0.10089111328125,0,0.0009067851351574063,0.02905414067208767,30.11406357554634,15840.0,330.0,30.0,
c#3,c#3/rep002_20251218-232727,48000,300,0,400,0.12554931640625,0,0.000798514811322093,0.034185755997896194,32.63123362474707,16320.0,340.0,40.0,
c#3,c#3/rep003_20251218-232730,48000,300,0,400,0.151519775390625,0,0.0009657779010012746,0.037434838712215424,31.767965292201414,15840.0,330.0,30.0,
c#3,c#3/rep004_20251218-232732,48000,300,0,400,0.129364013671875,0,0.0008636540733277798,0.03463832661509514,32.06433174021831,16080.0,335.0,35.0,
c#3,c#3/rep005_20251218-232735,48000,300,0,400,0.10211181640625,0,0.000905911554582417,0.028029700741171837,29.81064396343669,16080.0,335.0,35.0,
c#3,c#3/rep006_20251218-232737,48000,300,0,400,0.140716552734375,0,0.000837872561533004,0.03493703156709671,32.40215055824369,16320.0,340.0,40.0,
c#3,c#3/rep007_20251218-232739,48000,300,0,400,0.122406005859375,0,0.0009169898112304509,0.03160695359110832,30.74835337370036,16080.0,335.0,35.0,
c#3,c#3/rep008_20251218-232742,48000,300,0,400,0.149078369140625,0,0.0007259585545398295,0.0357595719397068,33.84959796186416,16800.0,350.0,50.0,
c#3,c#3/rep009_20251218-232744,48000,300,0,400,0.147796630859375,0,0.0009998531313613057,0.03579423949122429,31.077530124689897,15840.0,330.0,30.0,
c#3,c#3/rep010_20251218-232747,48000,300,0,400,0.13446044921875,0,0.0009032900561578572,0.0365542471408844,32.14220290992854,16560.0,345.0,45.0,
c#4,c#4/rep001_20251218-233436,48000,300,0,400,0.09149169921875,0,0.0008344799862243235,0.021894432604312897,28.37834538153586,16800.0,350.0,50.0,
c#4,c#4/rep002_20251218-233438,48000,300,0,400,0.1123046875,0,0.0009480344015173614,0.027001338079571724,29.09121495276251,16320.0,340.0,40.0,
c#4,c#4/rep003_20251218-233441,48000,300,0,400,0.09246826171875,0,0.0008110025082714856,0.021888304501771927,28.623788175189787,16800.0,350.0,50.0,
c#4,c#4/rep004_20251218-233444,48000,300,0,400,0.10791015625,0,0.0008719246834516525,0.026158638298511505,29.542713579676803,16320.0,340.0,40.0,
c#4,c#4/rep005_20251218-233447,48000,300,0,400,0.101348876953125,0,0.0008139208657667041,0.024171561002731323,29.454440004977783,17040.0,355.0,55.0,
c#4,c#4/rep006_20251218-233449,48000,300,0,400,0.104156494140625,0,0.000862937537021935,0.025402454659342766,29.37791675726401,16320.0,340.0,40.0,
c#4,c#4/rep007_20251218-233452,48000,300,0,400,0.119476318359375,0,0.0007459326880052686,0.0285649374127388,31.662661415023557,16800.0,350.0,50.0,
c#4,c#4/rep008_20251218-233455,48000,300,0,400,0.1192626953125,0,0.0007744099129922688,0.028020305559039116,31.17002836002669,16320.0,340.0,40.0,
c#4,c#4/rep009_20251218-233458,48000,300,0,400,0.10302734375,0,0.0008141902508214116,0.024324890226125717,29.506489514024192,16560.0,345.0,45.0,
c#4,c#4/rep010_20251218-233501,48000,300,0,400,0.1219482421875,0,0.0008221897878684103,0.028016505762934685,30.648827557200228,16560.0,345.0,45.0,
c3,c3/rep001_20251218-232644,48000,300,0,400,0.119903564453125,0,0.0007505568792112172,0.04724479839205742,35.9793964159985,16560.0,345.0,45.0,
c3,c3/rep002_20251218-232647,48000,300,0,400,0.103302001953125,0,0.0007046213722787797,0.03878885135054588,34.81501004089236,16320.0,340.0,40.0,
c3,c3/rep003_20251218-232649,48000,300,0,400,0.151702880859375,0,0.0008982045692391694,0.050989434123039246,35.082089144128965,15840.0,330.0,30.0,
c3,c3/rep004_20251218-232652,48000,300,0,400,0.11322021484375,0,0.0008765027741901577,0.04308676719665527,33.83180259509061,15360.0,320.0,20.0,
c3,c3/rep005_20251218-232653,48000,300,0,400,0.120849609375,0,0.0007952575106173754,0.042434725910425186,34.54426172234473,16320.0,340.0,40.0,
c3,c3/rep006_20251218-232656,48000,300,0,400,0.1270751953125,0,0.0009179863263852894,0.043033417314291,33.41938319497716,16080.0,335.0,35.0,
c3,c3/rep007_20251218-232658,48000,300,0,400,0.12298583984375,0,0.000866841699462384,0.04181433841586113,33.66769888526228,16320.0,340.0,40.0,
c3,c3/rep008_20251218-232701,48000,300,0,400,0.09259033203125,0,0.0008078055107034743,0.033341988921165466,32.3136833348547,16800.0,350.0,50.0,
c3,c3/rep009_20251218-232703,48000,300,0,400,0.1246337890625,0,0.000833361700642854,0.0414310097694397,33.92982940228763,16560.0,345.0,45.0,
c3,c3/rep010_20251218-232705,48000,300,0,400,0.129486083984375,0,0.0008760129567235708,0.044847726821899414,34.18458838561045,16080.0,335.0,35.0,
c4,c4/rep001_20251218-233333,48000,300,0,400,0.11761474609375,0,0.0007968390709720552,0.03321605175733566,32.399537122899346,16320.0,340.0,40.0,
c4,c4/rep002_20251218-233337,48000,300,0,400,0.123870849609375,0,0.0009034568211063743,0.034794386476278305,31.71202627336858,16800.0,350.0,50.0,
c4,c4/rep003_20251218-233410,48000,300,0,400,0.109130859375,0,0.0007914247689768672,0.029329579323530197,31.3779132367926,16800.0,350.0,50.0,
c4,c4/rep004_20251218-233413,48000,300,0,400,0.14862060546875,0,0.0007671342464163899,0.04542172700166702,35.44783430395772,15600.0,325.0,25.0,
c4,c4/rep005_20251218-233416,48000,300,0,400,0.094024658203125,0,0.0008143166196532547,0.02998626045882702,31.32256983094596,16560.0,345.0,45.0,
c4,c4/rep006_20251218-233419,48000,300,0,400,0.10614013671875,0,0.0008676429861225188,0.029686957597732544,30.68448291760499,15840.0,330.0,30.0,
c4,c4/rep007_20251218-233422,48000,300,0,400,0.094573974609375,0,0.0008602450252510607,0.02648570016026497,29.767775998463065,16800.0,350.0,50.0,
c4,c4/rep008_20251218-233425,48000,300,0,400,0.131256103515625,0,0.0008385014371015131,0.03707820549607277,32.912287791491174,16800.0,350.0,50.0,
c4,c4/rep009_20251218-233428,48000,300,0,400,0.1492919921875,0,0.0006654609460383654,0.04280625283718109,36.167679935610536,16560.0,345.0,45.0,
c4,c4/rep010_20251218-233431,48000,300,0,400,0.114990234375,0,0.000875229889061302,0.03539691120386124,32.13685484139709,16800.0,350.0,50.0,
c4,c4/rep011_20251218-234818,48000,300,0,400,0.133148193359375,0,0.0024857257958501577,0.03607521578669548,23.235111111841256,16320.0,340.0,40.0,
c4,c4/rep012_20251218-234823,48000,300,0,400,0.13763427734375,0,0.010494356974959373,0.03417249023914337,10.254415328549127,17040.0,355.0,55.0,"noisy_pre,low_snr"
c4,c4/rep013_20251218-234825,48000,300,0,400,0.111358642578125,0,0.009580959565937519,0.032021474093198776,10.48064562955277,15840.0,330.0,30.0,"noisy_pre,low_snr"
c4,c4/rep014_20251218-234828,48000,300,0,400,0.14288330078125,0,0.029084399342536926,0.03638675808906555,1.9456652274930857,15840.0,330.0,30.0,"noisy_pre,low_snr"
c4,c4/rep015_20251218-234830,48000,300,0,400,0.1239013671875,0,0.017858128994703293,0.03247785195708275,5.195026624360155,15840.0,330.0,30.0,"noisy_pre,low_snr"
c4,c4/rep016_20251218-234832,48000,300,0,400,0.14862060546875,0,0.016184160485863686,0.04147358238697052,8.17362715144017,15120.0,315.0,15.0,"noisy_pre,low_snr"
c4,c4/rep017_20251218-234834,48000,300,0,400,0.1348876953125,0,0.011238187551498413,0.03318199887871742,9.404124861932976,16320.0,340.0,40.0,"noisy_pre,low_snr"
c4,c4/rep018_20251218-234837,48000,300,0,400,0.13330078125,0,0.012759779579937458,0.03456646949052811,8.65623661376316,16560.0,345.0,45.0,"noisy_pre,low_snr"
c4,c4/rep019_20251218-234839,48000,300,0,400,0.110107421875,0,0.015085358172655106,0.03429029881954193,7.132312550188557,17520.0,365.0,65.0,"noisy_pre,low_snr"
c4,c4/rep020_20251218-234841,48000,300,0,400,0.129608154296875,0,0.015347950160503387,0.03188881650567055,6.351760131765806,16320.0,340.0,40.0,"noisy_pre,low_snr"
c5,c5/rep001_20251218-235022,48000,300,0,400,0.081451416015625,0,0.01047971099615097,0.0198136605322361,5.5323078470173925,16080.0,335.0,35.0,"noisy_pre,low_snr"
c5,c5/rep002_20251218-235024,48000,300,0,400,0.090057373046875,0,0.02168283611536026,0.027367107570171356,2.022256155599897,,,,"noisy_pre,low_snr,no_onset_found"
c5,c5/rep003_20251218-235026,48000,300,0,400,0.082061767578125,0,0.011267503723502159,0.019893113523721695,4.937500680921618,14640.0,305.0,5.0,"noisy_pre,low_snr"
c5,c5/rep004_20251218-235028,48000,300,0,400,0.073974609375,0,0.010423765517771244,0.018471727147698402,4.969657066269469,15600.0,325.0,25.0,"noisy_pre,low_snr"
c5,c5/rep005_20251218-235030,48000,300,0,400,0.058990478515625,0,0.014528908766806126,0.01652940735220909,1.1204856463970378,17760.0,370.0,70.0,"noisy_pre,low_snr"
c5,c5/rep006_20251218-235032,48000,300,0,400,0.0809326171875,0,0.02119726501405239,0.017470041289925575,-1.6797178743907617,17040.0,355.0,55.0,"noisy_pre,low_snr"
c5,c5/rep007_20251218-235034,48000,300,0,400,0.076324462890625,0,0.00988551415503025,0.01717887446284294,4.7999085013440315,,,,"noisy_pre,low_snr,no_onset_found"
c5,c5/rep008_20251218-235036,48000,300,0,400,0.124755859375,0,0.032992467284202576,0.022340083494782448,-3.3865999301229395,17280.0,360.0,60.0,"noisy_pre,low_snr"
c5,c5/rep009_20251218-235038,48000,300,0,400,0.12109375,0,0.026260796934366226,0.02028435841202736,-2.2429324184830155,16800.0,350.0,50.0,"noisy_pre,low_snr"
c5,c5/rep010_20251218-235040,48000,300,0,400,0.07049560546875,0,0.016572587192058563,0.016769077628850937,0.10237724565359764,16080.0,335.0,35.0,"noisy_pre,low_snr"
d#3,d#3/rep001_20251218-232821,48000,300,0,400,0.110260009765625,0,0.0007514118333347142,0.031151724979281425,32.35207011834118,16080.0,335.0,35.0,
d#3,d#3/rep002_20251218-232824,48000,300,0,400,0.088409423828125,0,0.0009417692199349403,0.021264826878905296,27.07433836949113,16320.0,340.0,40.0,
d#3,d#3/rep003_20251218-232827,48000,300,0,400,0.097991943359375,0,0.0007504194509238005,0.02709219418466091,31.150790692163998,16800.0,350.0,50.0,
d#3,d#3/rep004_20251218-232829,48000,300,0,400,0.1087646484375,0,0.0008891027537174523,0.025375807657837868,29.109348942410982,16560.0,345.0,45.0,
d#3,d#3/rep005_20251218-232832,48000,300,0,400,0.1038818359375,0,0.0009843395091593266,0.024386374279856682,27.88003789162139,16560.0,345.0,45.0,
d#3,d#3/rep006_20251218-232836,48000,300,0,400,0.114227294921875,0,0.0008865956915542483,0.028171103447675705,30.04155534969793,16320.0,340.0,40.0,
d#3,d#3/rep007_20251218-232839,48000,300,0,400,0.104644775390625,0,0.0007493096636608243,0.027488550171256065,31.289798740714044,16800.0,350.0,50.0,
d#3,d#3/rep008_20251218-232842,48000,300,0,400,0.10125732421875,0,0.0009504304034635425,0.024819590151309967,28.33747691298953,16800.0,350.0,50.0,
d#3,d#3/rep009_20251218-232844,48000,300,0,400,0.108856201171875,0,0.0007750900695100427,0.0297477375715971,31.682024462745474,14880.0,310.0,10.0,
d#3,d#3/rep010_20251218-232847,48000,300,0,400,0.0850830078125,0,0.0009820006089285016,0.02417925000190735,27.826612885917477,16560.0,345.0,45.0,
d#4,d#4/rep001_20251218-233537,48000,300,0,400,0.12939453125,0,0.0009316798532381654,0.0352281890809536,31.552463210190616,16320.0,340.0,40.0,
d#4,d#4/rep002_20251218-233540,48000,300,0,400,0.11102294921875,0,0.001082077738828957,0.031813669949769974,29.367098418506792,15840.0,330.0,30.0,
d#4,d#4/rep003_20251218-233542,48000,300,0,400,0.117431640625,0,0.0010929962154477835,0.03374563902616501,29.791972278737894,15120.0,315.0,15.0,
d#4,d#4/rep004_20251218-233545,48000,300,0,400,0.10321044921875,0,0.0010191397741436958,0.02948298491537571,29.226745752531095,16080.0,335.0,35.0,
d#4,d#4/rep005_20251218-233548,48000,300,0,400,0.11541748046875,0,0.0010227549355477095,0.032710134983062744,30.098206819707944,16080.0,335.0,35.0,
d#4,d#4/rep006_20251218-233551,48000,300,0,400,0.13970947265625,0,0.0008639033185318112,0.03895645961165428,33.08227694397245,16560.0,345.0,45.0,
d#4,d#4/rep007_20251218-233554,48000,300,0,400,0.08477783203125,0,0.0009718821966089308,0.02410929650068283,27.89140965187378,16800.0,350.0,50.0,
d#4,d#4/rep008_20251218-233556,48000,300,0,400,0.1248779296875,0,0.001072170678526163,0.03333422914147377,29.852521967195575,15840.0,330.0,30.0,
d#4,d#4/rep009_20251218-233559,48000,300,0,400,0.123504638671875,0,0.001003520330414176,0.03296475112438202,30.330464127104648,15840.0,330.0,30.0,
d#4,d#4/rep010_20251218-233601,48000,300,0,400,0.09881591796875,0,0.0008291915291920304,0.028598960489034653,30.75389764735206,16800.0,350.0,50.0,
d3,d3/rep001_20251218-232751,48000,300,0,400,0.134796142578125,0,0.000853169709444046,0.03378509357571602,31.95378403814539,15840.0,330.0,30.0,
d3,d3/rep002_20251218-232755,48000,300,0,400,0.146820068359375,0,0.0009044440812431276,0.042694758623838425,33.47984743094986,16320.0,340.0,40.0,
d3,d3/rep003_20251218-232758,48000,300,0,400,0.1334228515625,0,0.0008412820170633495,0.038454409688711166,33.200080765680006,15600.0,325.0,25.0,
d3,d3/rep004_20251218-232800,48000,300,0,400,0.1455078125,0,0.0008542845607735217,0.040457505732774734,33.5079209828289,16080.0,335.0,35.0,
d3,d3/rep005_20251218-232803,48000,300,0,400,0.120452880859375,0,0.0008401080267503858,0.03250095620751381,31.751210015039494,16080.0,335.0,35.0,
d3,d3/rep006_20251218-232806,48000,300,0,400,0.1427001953125,0,0.0009443644667044282,0.041499216109514236,32.857996124128704,16080.0,335.0,35.0,
d3,d3/rep007_20251218-232809,48000,300,0,400,0.14288330078125,0,0.0007268991321325302,0.039347898215055466,34.66893605047514,15120.0,315.0,15.0,
d3,d3/rep008_20251218-232812,48000,300,0,400,0.13336181640625,0,0.0007208922761492431,0.03620181977748871,34.01718878352503,16080.0,335.0,35.0,
d3,d3/rep009_20251218-232815,48000,300,0,400,0.133148193359375,0,0.0007404641946777701,0.035855021327733994,33.70090695629414,16320.0,340.0,40.0,
d3,d3/rep010_20251218-232817,48000,300,0,400,0.137115478515625,0,0.0008800184004940093,0.03904286399483681,32.94098865024904,15840.0,330.0,30.0,
d4,d4/rep001_20251218-233505,48000,300,0,400,0.09002685546875,0,0.0008950092014856637,0.015664592385292053,24.86182281253258,16800.0,350.0,50.0,
d4,d4/rep002_20251218-233508,48000,300,0,400,0.10333251953125,0,0.0009309966117143631,0.01711568795144558,25.288916368625426,16320.0,340.0,40.0,
d4,d4/rep003_20251218-233511,48000,300,0,400,0.08148193359375,0,0.0010613776976242661,0.013660049997270107,22.19163907645408,16080.0,335.0,35.0,
d4,d4/rep004_20251218-233514,48000,300,0,400,0.11151123046875,0,0.0008728593238629401,0.019489411264657974,26.97707978996862,15840.0,330.0,30.0,
d4,d4/rep005_20251218-233517,48000,300,0,400,0.104644775390625,0,0.0008712339331395924,0.018056577071547508,26.33000338748665,16080.0,335.0,35.0,
d4,d4/rep006_20251218-233520,48000,300,0,400,0.08740234375,0,0.0008447803556919098,0.015272430144250393,25.14327710734461,17040.0,355.0,55.0,
d4,d4/rep007_20251218-233523,48000,300,0,400,0.095947265625,0,0.0006816468085162342,0.016932126134634018,27.903029558136975,16320.0,340.0,40.0,
d4,d4/rep008_20251218-233526,48000,300,0,400,0.0869140625,0,0.0008210923988372087,0.01501424703747034,25.24222051104737,16800.0,350.0,50.0,
d4,d4/rep009_20251218-233529,48000,300,0,400,0.093017578125,0,0.0008771973080001771,0.01609308086335659,25.270828703552283,16560.0,345.0,45.0,
d4,d4/rep010_20251218-233532,48000,300,0,400,0.086395263671875,0,0.0008334172889590263,0.0148689653724432,25.028355053030783,16800.0,350.0,50.0,
e3,e3/rep001_20251218-232851,48000,300,0,400,0.142730712890625,0,0.0007495565223507583,0.04812214523553848,36.15080043089921,16080.0,335.0,35.0,
e3,e3/rep002_20251218-232853,48000,300,0,400,0.133880615234375,0,0.000744821154512465,0.04835757240653038,36.248238272393024,15840.0,330.0,30.0,
e3,e3/rep003_20251218-232856,48000,300,0,400,0.10675048828125,0,0.0008089261827990413,0.036567192524671555,33.103644014119546,16320.0,340.0,40.0,
e3,e3/rep004_20251218-232858,48000,300,0,400,0.09906005859375,0,0.0007817581063136458,0.03169143199920654,32.1573785682697,16800.0,350.0,50.0,
e3,e3/rep005_20251218-232901,48000,300,0,400,0.111083984375,0,0.0008423406397923827,0.03806929662823677,33.101731887341884,16800.0,350.0,50.0,
e3,e3/rep006_20251218-232903,48000,300,0,400,0.143646240234375,0,0.0006805735756643116,0.05004269629716873,37.32929978070777,15840.0,330.0,30.0,
e3,e3/rep007_20251218-232906,48000,300,0,400,0.147491455078125,0,0.0008047271403484046,0.0517420656979084,36.163891662401745,16560.0,345.0,45.0,
e3,e3/rep008_20251218-232909,48000,300,0,400,0.117889404296875,0,0.0007370783714577556,0.03999524936079979,34.68988325771406,16080.0,335.0,35.0,
e3,e3/rep009_20251218-232911,48000,300,0,400,0.15032958984375,0,0.0007972510065883398,0.052025970071554184,36.29249148277531,16800.0,350.0,50.0,
e3,e3/rep010_20251218-232914,48000,300,0,400,0.13299560546875,0,0.0007829962414689362,0.04555586352944374,35.295681215712655,15120.0,315.0,15.0,
e4,e4/rep001_20251218-233606,48000,300,0,400,0.08990478515625,0,0.000921538332477212,0.021855847910046577,27.501076070603297,16320.0,340.0,40.0,
e4,e4/rep002_20251218-233609,48000,300,0,400,0.12005615234375,0,0.0009780473774299026,0.026718847453594208,28.729147995466846,16080.0,335.0,35.0,
e4,e4/rep003_20251218-233612,48000,300,0,400,0.103973388671875,0,0.0009126898366957903,0.024186378344893456,28.464943397576903,16320.0,340.0,40.0,
e4,e4/rep004_20251218-233614,48000,300,0,400,0.1124267578125,0,0.0007817174191586673,0.02546769194304943,30.2587851991697,16800.0,350.0,50.0,
e4,e4/rep005_20251218-233617,48000,300,0,400,0.131103515625,0,0.0011429473524913192,0.02948780544102192,28.23231722410041,14880.0,310.0,10.0,
e4,e4/rep006_20251218-233620,48000,300,0,400,0.124847412109375,0,0.000920129707083106,0.026622965931892395,29.228138565659123,16080.0,335.0,35.0,
e4,e4/rep007_20251218-233622,48000,300,0,400,0.137725830078125,0,0.0009258465142920613,0.029918987303972244,30.188148781351547,16320.0,340.0,40.0,
e4,e4/rep008_20251218-233625,48000,300,0,400,0.111297607421875,0,0.0007470960263162851,0.025392958894371986,30.626726379250044,16800.0,350.0,50.0,
e4,e4/rep009_20251218-233628,48000,300,0,400,0.1368408203125,0,0.0009468204225413501,0.029966602101922035,30.00738880380171,15840.0,330.0,30.0,
e4,e4/rep010_20251218-233630,48000,300,0,400,0.093170166015625,0,0.0009634852176532149,0.02211078628897667,27.215173999709002,15840.0,330.0,30.0,
e4,e4/rep011_20251218-234912,48000,300,0,400,0.1214599609375,0,0.016838449984788895,0.026525480672717094,3.947222837569204,16800.0,350.0,50.0,"noisy_pre,low_snr"
e4,e4/rep012_20251218-234915,48000,300,0,400,0.21771240234375,0,0.02501753345131874,0.041109636425971985,4.313982798769455,15360.0,320.0,20.0,"noisy_pre,low_snr"
e4,e4/rep013_20251218-234917,48000,300,0,400,0.205718994140625,0,0.009228820912539959,0.03726142644882202,12.122264454716355,15600.0,325.0,25.0,"noisy_pre,low_snr"
e4,e4/rep014_20251218-234919,48000,300,0,400,0.13018798828125,0,0.024231094866991043,0.029358331114053726,1.6671664653260785,17040.0,355.0,55.0,"noisy_pre,low_snr"
e4,e4/rep015_20251218-234921,48000,300,0,400,0.159759521484375,0,0.022575773298740387,0.031756967306137085,2.963927620678861,16560.0,345.0,45.0,"noisy_pre,low_snr"
e4,e4/rep016_20251218-234924,48000,300,0,400,0.100250244140625,0,0.0255594365298748,0.022351674735546112,-1.1648240802993144,17520.0,365.0,65.0,"noisy_pre,low_snr"
e4,e4/rep017_20251218-234926,48000,300,0,400,0.176422119140625,0,0.03302803635597229,0.03578805923461914,0.6971078500379636,16320.0,340.0,40.0,"noisy_pre,low_snr"
e4,e4/rep018_20251218-234928,48000,300,0,400,0.112060546875,0,0.03935994952917099,0.03138289973139763,-1.9672292164125569,16560.0,345.0,45.0,"noisy_pre,low_snr"
e4,e4/rep019_20251218-234931,48000,300,0,400,0.109954833984375,0,0.015972865745425224,0.025341015309095383,4.008823197185703,16080.0,335.0,35.0,"noisy_pre,low_snr"
e4,e4/rep020_20251218-234934,48000,300,0,400,0.130615234375,0,0.02088264748454094,0.02983153983950615,3.0978021546383254,16800.0,350.0,50.0,"noisy_pre,low_snr"
f#3,f#3/rep001_20251218-232949,48000,300,0,400,0.14410400390625,0,0.0007411963888444006,0.03705516830086708,33.978298423419055,16560.0,345.0,45.0,
f#3,f#3/rep002_20251218-232951,48000,300,0,400,0.17962646484375,0,0.0009556669974699616,0.0457206629216671,33.596109705476216,15840.0,330.0,30.0,
f#3,f#3/rep003_20251218-232954,48000,300,0,400,0.1715087890625,0,0.0009271468734368682,0.0440063513815403,33.52732731065799,16080.0,335.0,35.0,
f#3,f#3/rep004_20251218-232957,48000,300,0,400,0.1368408203125,0,0.0008257578010670841,0.03590410575270653,32.7658183070201,16560.0,345.0,45.0,
f#3,f#3/rep005_20251218-232959,48000,300,0,400,0.1431884765625,0,0.0009374403744004667,0.039851944893598557,32.57010829239879,16320.0,340.0,40.0,
f#3,f#3/rep006_20251218-233002,48000,300,0,400,0.173553466796875,0,0.000820461951661855,0.0453178770840168,34.84421183275767,16320.0,340.0,40.0,
f#3,f#3/rep007_20251218-233005,48000,300,0,400,0.133392333984375,0,0.000990919186733663,0.035554103553295135,31.09702138769424,16080.0,335.0,35.0,
f#3,f#3/rep008_20251218-233007,48000,300,0,400,0.13519287109375,0,0.0007427546661347151,0.03577297925949097,33.654182987279746,16800.0,350.0,50.0,
f#3,f#3/rep009_20251218-233010,48000,300,0,400,0.179962158203125,0,0.0008890885510481894,0.0469350628554821,34.451038135951684,15840.0,330.0,30.0,
f#3,f#3/rep010_20251218-233013,48000,300,0,400,0.137115478515625,0,0.0007272402290254831,0.03870862349867821,34.52258493907374,17040.0,355.0,55.0,
f#4,f#4/rep001_20251218-233700,48000,300,0,400,0.093841552734375,0,0.000738436181563884,0.02052231691777706,28.87825710177474,16080.0,335.0,35.0,
f#4,f#4/rep002_20251218-233702,48000,300,0,400,0.074462890625,0,0.0009218119666911662,0.017303165048360825,25.46965525264968,16560.0,345.0,45.0,
f#4,f#4/rep003_20251218-233705,48000,300,0,400,0.101318359375,0,0.0008418443030677736,0.02099865861237049,27.939185610843587,14400.0,300.0,0.0,
f#4,f#4/rep004_20251218-233707,48000,300,0,400,0.0516357421875,0,0.0009669713326729834,0.01281337346881628,22.444989408657516,16320.0,340.0,40.0,
f#4,f#4/rep005_20251218-233709,48000,300,0,400,0.05401611328125,0,0.0007682252326048911,0.012112527154386044,23.95491333216345,17520.0,365.0,65.0,
f#4,f#4/rep006_20251218-233712,48000,300,0,400,0.069671630859375,0,0.0010310054058209062,0.015551098622381687,23.569994797763435,15600.0,325.0,25.0,
f#4,f#4/rep007_20251218-233714,48000,300,0,400,0.066497802734375,0,0.0007453406578861177,0.016128579154610634,26.70481483636131,14400.0,300.0,0.0,
f#4,f#4/rep008_20251218-233716,48000,300,0,400,0.066619873046875,0,0.0007745531038381159,0.015166920609772205,25.836913656099057,14400.0,300.0,0.0,
f#4,f#4/rep009_20251218-233719,48000,300,0,400,0.0732421875,0,0.0008741081692278385,0.016296768561005592,25.410716973498136,16320.0,340.0,40.0,
f#4,f#4/rep010_20251218-233721,48000,300,0,400,0.078277587890625,0,0.0008229269296862185,0.01670595072209835,26.15018839497415,16560.0,345.0,45.0,
f3,f3/rep001_20251218-232917,48000,300,0,400,0.20245361328125,0,0.0007421515765599906,0.05153781175613403,36.8326556755642,16080.0,335.0,35.0,
f3,f3/rep002_20251218-232920,48000,300,0,400,0.20068359375,0,0.0007984449621289968,0.051491059362888336,36.18972612944979,16080.0,335.0,35.0,
f3,f3/rep003_20251218-232923,48000,300,0,400,0.203704833984375,0,0.0008444137638434768,0.05024559423327446,35.490843549903225,16560.0,345.0,45.0,
f3,f3/rep004_20251218-232926,48000,300,0,400,0.1571044921875,0,0.0007294195820577443,0.041194647550582886,35.03725576837034,16320.0,340.0,40.0,
f3,f3/rep005_20251218-232929,48000,300,0,400,0.17437744140625,0,0.0007505508838221431,0.042902301996946335,35.141997728315125,17040.0,355.0,55.0,
f3,f3/rep006_20251218-232932,48000,300,0,400,0.147735595703125,0,0.0007908627740107477,0.03583924472332001,33.125143559990946,16560.0,345.0,45.0,
f3,f3/rep007_20251218-232935,48000,300,0,400,0.171661376953125,0,0.0007436950691044331,0.04449252784252167,35.537832093383635,17520.0,365.0,65.0,
f3,f3/rep008_20251218-232938,48000,300,0,400,0.169525146484375,0,0.0008415739866904914,0.040907684713602066,33.7342418358228,15840.0,330.0,30.0,
f3,f3/rep009_20251218-232941,48000,300,0,400,0.17633056640625,0,0.0008462653495371342,0.04471185430884361,34.45831238046694,16320.0,340.0,40.0,
f3,f3/rep010_20251218-232944,48000,300,0,400,0.18994140625,0,0.0007606009021401405,0.045729681849479675,35.58081564477807,16320.0,340.0,40.0,
f4,f4/rep001_20251218-233634,48000,300,0,400,0.069854736328125,0,0.0008545153541490436,0.01919296756386757,27.02843546197108,16560.0,345.0,45.0,
f4,f4/rep002_20251218-233636,48000,300,0,400,0.077545166015625,0,0.00082593341358006,0.02047700807452202,27.886419216825757,14880.0,310.0,10.0,
f4,f4/rep003_20251218-233639,48000,300,0,400,0.0865478515625,0,0.0007932800799608231,0.022989530116319656,29.242060347265188,16320.0,340.0,40.0,
f4,f4/rep004_20251218-233642,48000,300,0,400,0.069915771484375,0,0.0010294066742062569,0.01762945018708706,24.67302782286536,16080.0,335.0,35.0,
f4,f4/rep005_20251218-233644,48000,300,0,400,0.077972412109375,0,0.0007572441827505827,0.019705943763256073,28.3072148375328,16560.0,345.0,45.0,
f4,f4/rep006_20251218-233647,48000,300,0,400,0.082183837890625,0,0.0008771663997322321,0.021812845021486282,27.91259702150175,16560.0,345.0,45.0,
f4,f4/rep007_20251218-233649,48000,300,0,400,0.07794189453125,0,0.0008576627587899566,0.020475493744015694,27.55834690537915,14640.0,305.0,5.0,
f4,f4/rep008_20251218-233652,48000,300,0,400,0.07269287109375,0,0.0008177644922398031,0.018913330510258675,27.28278508936171,16560.0,345.0,45.0,
f4,f4/rep009_20251218-233654,48000,300,0,400,0.078155517578125,0,0.0007143633556552231,0.01925402693450451,28.612036419268957,16800.0,350.0,50.0,
f4,f4/rep010_20251218-233656,48000,300,0,400,0.067901611328125,0,0.0007172789773903787,0.016227778047323227,27.09140756028331,14640.0,305.0,5.0,
g#3,g#3/rep001_20251218-233043,48000,300,0,400,0.077606201171875,0,0.0008021821267902851,0.025042029097676277,29.887920208816873,16320.0,340.0,40.0,
g#3,g#3/rep002_20251218-233046,48000,300,0,400,0.07501220703125,0,0.0007490174612030387,0.024873090907931328,30.424745052931463,16320.0,340.0,40.0,
g#3,g#3/rep003_20251218-233048,48000,300,0,400,0.076385498046875,0,0.0007696027751080692,0.02437709830701351,30.014296743793984,17040.0,355.0,55.0,
g#3,g#3/rep004_20251218-233051,48000,300,0,400,0.08062744140625,0,0.0009393037762492895,0.02560085617005825,28.708959519270323,15600.0,325.0,25.0,
g#3,g#3/rep005_20251218-233054,48000,300,0,400,0.10235595703125,0,0.0007337885326705873,0.030730968341231346,32.44009493966787,16080.0,335.0,35.0,
g#3,g#3/rep006_20251218-233057,48000,300,0,400,0.1041259765625,0,0.0006389826885424554,0.03133272007107735,33.81016681153611,16320.0,340.0,40.0,
g#3,g#3/rep007_20251218-233100,48000,300,0,400,0.06964111328125,0,0.0006130048423074186,0.022394854575395584,31.253673048005677,16800.0,350.0,50.0,
g#3,g#3/rep008_20251218-233103,48000,300,0,400,0.09637451171875,0,0.0010101399384438992,0.029757391661405563,29.384258068067027,15840.0,330.0,30.0,
g#3,g#3/rep009_20251218-233107,48000,300,0,400,0.0966796875,0,0.0008408310241065919,0.027676893398165703,30.348162254416128,16560.0,345.0,45.0,
g#3,g#3/rep010_20251218-233110,48000,300,0,400,0.07916259765625,0,0.0008049694006331265,0.0244621392339468,29.654290803863326,16800.0,350.0,50.0,
g3,g3/rep001_20251218-233017,48000,300,0,400,0.103759765625,0,0.0007951926672831178,0.029880167916417122,31.498202709571235,14880.0,310.0,10.0,
g3,g3/rep002_20251218-233019,48000,300,0,400,0.096923828125,0,0.0007794605917297304,0.02811804786324501,31.143809225672292,16560.0,345.0,45.0,
g3,g3/rep003_20251218-233022,48000,300,0,400,0.0887451171875,0,0.0007769306539557874,0.025717275217175484,30.396843069866307,16560.0,345.0,45.0,
g3,g3/rep004_20251218-233025,48000,300,0,400,0.08135986328125,0,0.0008250336977653205,0.024711700156331062,29.528608592687192,16560.0,345.0,45.0,
g3,g3/rep005_20251218-233027,48000,300,0,400,0.102203369140625,0,0.0007138039800338447,0.023478902876377106,30.34196488432807,16320.0,340.0,40.0,
g3,g3/rep006_20251218-233030,48000,300,0,400,0.086700439453125,0,0.0008911425247788429,0.026113204658031464,29.338250666502393,16800.0,350.0,50.0,
g3,g3/rep007_20251218-233032,48000,300,0,400,0.090606689453125,0,0.0008714486612007022,0.024299748241901398,28.907189731637764,16560.0,345.0,45.0,
g3,g3/rep008_20251218-233035,48000,300,0,400,0.091552734375,0,0.0007885600789450109,0.025145942345261574,30.072651899377725,17280.0,360.0,60.0,
g3,g3/rep009_20251218-233038,48000,300,0,400,0.084686279296875,0,0.0009041251032613218,0.0250786691904068,28.86150992046622,15840.0,330.0,30.0,
g3,g3/rep010_20251218-233040,48000,300,0,400,0.08233642578125,0,0.0008122850558720529,0.021487826481461525,28.449670211251608,16320.0,340.0,40.0,
g4,g4/rep001_20251218-233725,48000,300,0,400,0.08746337890625,0,0.0010523521341383457,0.019479278475046158,25.348227795351022,16080.0,335.0,35.0,
g4,g4/rep002_20251218-234948,48000,300,0,400,0.07147216796875,0,0.01914173737168312,0.01906239055097103,-0.036079801854175746,16560.0,345.0,45.0,"noisy_pre,low_snr"
g4,g4/rep003_20251218-234951,48000,300,0,400,0.139007568359375,0,0.022890478372573853,0.025567203760147095,0.9605672364569082,,,,"noisy_pre,low_snr,no_onset_found"
g4,g4/rep004_20251218-234953,48000,300,0,400,0.102996826171875,0,0.024672845378518105,0.020095715299248695,-1.782315274520255,14880.0,310.0,10.0,"noisy_pre,low_snr"
g4,g4/rep005_20251218-234955,48000,300,0,400,0.08123779296875,0,0.016024895012378693,0.01807100884616375,1.0437440504837856,17280.0,360.0,60.0,"noisy_pre,low_snr"
g4,g4/rep006_20251218-234957,48000,300,0,400,0.101654052734375,0,0.025002753362059593,0.01944560557603836,-2.183327187148191,17280.0,360.0,60.0,"noisy_pre,low_snr"
g4,g4/rep007_20251218-234959,48000,300,0,400,0.094451904296875,0,0.027419520542025566,0.022193679586052895,-1.8366108190539236,,,,"noisy_pre,low_snr,no_onset_found"
g4,g4/rep008_20251218-235002,48000,300,0,400,0.06756591796875,0,0.018749359995126724,0.016901139169931412,-0.9014093469274326,16800.0,350.0,50.0,"noisy_pre,low_snr"
g4,g4/rep009_20251218-235004,48000,300,0,400,0.067413330078125,0,0.015030845999717712,0.017022203654050827,1.0806470706209994,16560.0,345.0,45.0,"noisy_pre,low_snr"
g4,g4/rep010_20251218-235007,48000,300,0,400,0.097503662109375,0,0.02231355383992195,0.019964898005127907,-0.9660329391808481,16800.0,350.0,50.0,"noisy_pre,low_snr"
g4,g4/rep011_20251218-235009,48000,300,0,400,0.10089111328125,0,0.03287491574883461,0.0221138633787632,-3.4440003982254934,,,,"noisy_pre,low_snr,no_onset_found"
talkkey_a0,talkkey_a0/rep001_20251218-234158,48000,300,0,400,0.135498046875,0,0.0022740024141967297,0.032619982957839966,23.133852614388964,16560.0,345.0,45.0,
talkkey_a0,talkkey_a0/rep002_20251218-234202,48000,300,0,400,0.1185302734375,0,0.001901078037917614,0.027876488864421844,23.324758289370045,16800.0,350.0,50.0,
talkkey_a0,talkkey_a0/rep003_20251218-234205,48000,300,0,400,0.107696533203125,0,0.002097373828291893,0.024278614670038223,21.270957375865137,17760.0,370.0,70.0,
talkkey_a0,talkkey_a0/rep004_20251218-234208,48000,300,0,400,0.1031494140625,0,0.00135888927616179,0.02340453304350376,24.72231216598406,16560.0,345.0,45.0,
talkkey_a0,talkkey_a0/rep005_20251218-234210,48000,300,0,400,0.11163330078125,0,0.0012205466628074646,0.032728757709264755,28.56749581741817,15840.0,330.0,30.0,
talkkey_a0,talkkey_a0/rep006_20251218-234213,48000,300,0,400,0.11444091796875,0,0.0014675023267045617,0.027635620906949043,25.497802957632572,16560.0,345.0,45.0,
talkkey_a0,talkkey_a0/rep007_20251218-234217,48000,300,0,400,0.08770751953125,0,0.003092265920713544,0.02363693341612816,17.666283511137657,17760.0,370.0,70.0,
talkkey_a0,talkkey_a0/rep008_20251218-234220,48000,300,0,400,0.091156005859375,0,0.002217291621491313,0.021087484434247017,19.564035676460566,16560.0,345.0,45.0,
talkkey_a0,talkkey_a0/rep009_20251218-234222,48000,300,0,400,0.10198974609375,0,0.003334913868457079,0.02481803484261036,17.433653108711844,15600.0,325.0,25.0,
talkkey_a0,talkkey_a0/rep010_20251218-234226,48000,300,0,400,0.11468505859375,0,0.00196244940161705,0.02655136212706566,22.625762660305426,16320.0,340.0,40.0,
talkkey_a7,talkkey_a7/rep001_20251218-234701,48000,300,0,400,0.072357177734375,0,0.0015768727753311396,0.0106333764269948,16.577485973400435,16320.0,340.0,40.0,
talkkey_a7,talkkey_a7/rep002_20251218-234704,48000,300,0,400,0.064849853515625,0,0.0012024970492348075,0.010039685294032097,18.4327152458298,15600.0,325.0,25.0,
talkkey_a7,talkkey_a7/rep003_20251218-234706,48000,300,0,400,0.079010009765625,0,0.00224824296310544,0.011124405078589916,13.888667955351854,16320.0,340.0,40.0,low_snr
talkkey_a7,talkkey_a7/rep004_20251218-234708,48000,300,0,400,0.06439208984375,0,0.002312279539182782,0.009911461733281612,12.641944566532448,16320.0,340.0,40.0,low_snr
talkkey_a7,talkkey_a7/rep005_20251218-234711,48000,300,0,400,0.06378173828125,0,0.001968750264495611,0.009440570138394833,13.616148381838013,16800.0,350.0,50.0,low_snr
talkkey_a7,talkkey_a7/rep006_20251218-234713,48000,300,0,400,0.019622802734375,0,0.0015841928543522954,0.0034453137777745724,6.748411655330395,17040.0,355.0,55.0,"too_quiet,low_snr"
talkkey_a7,talkkey_a7/rep007_20251218-234715,48000,300,0,400,0.083221435546875,0,0.000752349675167352,0.012139498256146908,24.155609155764594,16080.0,335.0,35.0,
talkkey_a7,talkkey_a7/rep008_20251218-234718,48000,300,0,400,0.0418701171875,0,0.0024119396694004536,0.006805108394473791,9.00936981015625,16800.0,350.0,50.0,low_snr
talkkey_a7,talkkey_a7/rep009_20251218-234721,48000,300,0,400,0.074798583984375,0,0.003238613484427333,0.010987103916704655,10.610480355106704,16560.0,345.0,45.0,low_snr
talkkey_a7,talkkey_a7/rep010_20251218-234724,48000,300,0,400,0.0694580078125,0,0.0011512853670865297,0.010769153013825417,19.41996452015301,16320.0,340.0,40.0,
talkkey_b1,talkkey_b1/rep001_20251218-234243,48000,300,0,400,0.1168212890625,0,0.0006106501095928252,0.030085917562246323,33.85140250057306,16320.0,340.0,40.0,
talkkey_b1,talkkey_b1/rep002_20251218-234247,48000,300,0,400,0.105712890625,0,0.0010037226602435112,0.028997860848903656,29.215036296126815,16800.0,350.0,50.0,
talkkey_b1,talkkey_b1/rep003_20251218-234249,48000,300,0,400,0.101318359375,0,0.003188282949849963,0.03108718991279602,19.780489747993993,16320.0,340.0,40.0,
talkkey_b1,talkkey_b1/rep004_20251218-234254,48000,300,0,400,0.09930419921875,0,0.0013473714934661984,0.02653765305876732,25.88749702753841,16320.0,340.0,40.0,
talkkey_b1,talkkey_b1/rep005_20251218-234301,48000,300,0,400,0.109954833984375,0,0.0006294138147495687,0.02632163278758526,32.42751763331212,16080.0,335.0,35.0,
talkkey_b1,talkkey_b1/rep006_20251218-234305,48000,300,0,400,0.116424560546875,0,0.003939095418900251,0.026721395552158356,16.629250815506623,16080.0,335.0,35.0,
talkkey_b1,talkkey_b1/rep007_20251218-234308,48000,300,0,400,0.090057373046875,0,0.002252381294965744,0.026331879198551178,21.356795313025998,15840.0,330.0,30.0,
talkkey_b1,talkkey_b1/rep008_20251218-234311,48000,300,0,400,0.090423583984375,0,0.002603130182251334,0.024202236905694008,19.367189423821927,17040.0,355.0,55.0,
talkkey_b1,talkkey_b1/rep009_20251218-234313,48000,300,0,400,0.134765625,0,0.0009533335105516016,0.03374525159597397,30.979347373056743,15840.0,330.0,30.0,
talkkey_c3,talkkey_c3/rep001_20251218-234327,48000,300,0,400,0.081024169921875,0,0.005558796226978302,0.026733355596661568,13.641453185849862,18000.0,375.0,75.0,low_snr
talkkey_c3,talkkey_c3/rep002_20251218-234330,48000,300,0,400,0.129180908203125,0,0.0019206947181373835,0.0457107312977314,27.531192213239443,16080.0,335.0,35.0,
talkkey_c3,talkkey_c3/rep003_20251218-234334,48000,300,0,400,0.138214111328125,0,0.0009079437586478889,0.05000457167625427,34.8190058877192,16080.0,335.0,35.0,
talkkey_c3,talkkey_c3/rep004_20251218-234338,48000,300,0,400,0.11505126953125,0,0.0012787397718057036,0.04275042936205864,30.48315956943862,16800.0,350.0,50.0,
talkkey_c3,talkkey_c3/rep005_20251218-234341,48000,300,0,400,0.11151123046875,0,0.0009630959248170257,0.039998095482587814,32.36738655009781,17280.0,360.0,60.0,
talkkey_c3,talkkey_c3/rep006_20251218-234344,48000,300,0,400,0.131378173828125,0,0.0012393981451168656,0.048670440912246704,31.88108194523403,16080.0,335.0,35.0,
talkkey_c3,talkkey_c3/rep007_20251218-234347,48000,300,0,400,0.102020263671875,0,0.0035923710092902184,0.035336174070835114,19.856764682101485,16560.0,345.0,45.0,
talkkey_c3,talkkey_c3/rep008_20251218-234350,48000,300,0,400,0.10821533203125,0,0.001454529701732099,0.036785610020160675,28.059101631673467,16800.0,350.0,50.0,
talkkey_c3,talkkey_c3/rep009_20251218-234353,48000,300,0,400,0.10675048828125,0,0.0010960997315123677,0.04001107066869736,31.24659432444432,16080.0,335.0,35.0,
talkkey_c3,talkkey_c3/rep010_20251218-234356,48000,300,0,400,0.106170654296875,0,0.0011475603096187115,0.037384916096925735,30.258410489261195,17040.0,355.0,55.0,
talkkey_d4,talkkey_d4/rep001_20251218-234506,48000,300,0,400,0.0953369140625,0,0.0011951570631936193,0.016840647906064987,22.978669519263768,16080.0,335.0,35.0,
talkkey_d4,talkkey_d4/rep002_20251218-234510,48000,300,0,400,0.110931396484375,0,0.0011653704568743706,0.018462520092725754,23.99653255314407,17040.0,355.0,55.0,
talkkey_d4,talkkey_d4/rep003_20251218-234511,48000,300,0,400,0.077667236328125,0,0.016110209748148918,0.0023866435512900352,-16.586269568868293,,,,"noisy_pre,low_snr,no_onset_found"
talkkey_d4,talkkey_d4/rep004_20251218-234512,48000,300,0,400,0.1080322265625,0,0.0022707043681293726,0.018268628045916557,18.110903412837352,15840.0,330.0,30.0,
talkkey_d4,talkkey_d4/rep005_20251218-234517,48000,300,0,400,0.107452392578125,0,0.0016140475636348128,0.01839563064277172,21.135962138601037,15600.0,325.0,25.0,
talkkey_d4,talkkey_d4/rep006_20251218-234520,48000,300,0,400,0.109466552734375,0,0.0017212803941220045,0.019571611657738686,21.115494753782826,16080.0,335.0,35.0,
talkkey_d4,talkkey_d4/rep007_20251218-234522,48000,300,0,400,0.08087158203125,0,0.0006607214454561472,0.014951515942811966,27.093323935902745,16560.0,345.0,45.0,
talkkey_d4,talkkey_d4/rep008_20251218-234525,48000,300,0,400,0.1180419921875,0,0.0008620538865216076,0.020184705033898354,27.389750216729315,16320.0,340.0,40.0,
talkkey_d4,talkkey_d4/rep009_20251218-234528,48000,300,0,400,0.081756591796875,0,0.0026005867403000593,0.01430966891348362,14.811162099550346,17040.0,355.0,55.0,low_snr
talkkey_d4,talkkey_d4/rep010_20251218-234531,48000,300,0,400,0.082672119140625,0,0.002829079981893301,0.015146765857934952,14.573491229780009,17280.0,360.0,60.0,low_snr
talkkey_e5,talkkey_e5/rep001_20251218-234546,48000,300,0,400,0.063995361328125,0,0.0018517958233132958,0.011570651084184647,15.915290006291382,17280.0,360.0,60.0,low_snr
talkkey_e5,talkkey_e5/rep002_20251218-234548,48000,300,0,400,0.128021240234375,0,0.0008076456724666059,0.02710738405585289,30.517324335915752,17280.0,360.0,60.0,
talkkey_e5,talkkey_e5/rep003_20251218-234552,48000,300,0,400,0.12628173828125,0,0.0013246271992102265,0.023836201056838036,25.102861239841452,17280.0,360.0,60.0,
talkkey_e5,talkkey_e5/rep004_20251218-234554,48000,300,0,400,0.11883544921875,0,0.0021005955059081316,0.021282581612467766,20.113633782273475,17280.0,360.0,60.0,
talkkey_e5,talkkey_e5/rep005_20251218-234556,48000,300,0,400,0.102691650390625,0,0.0013139363145455718,0.022469665855169296,24.660439741588345,16560.0,345.0,45.0,
talkkey_e5,talkkey_e5/rep006_20251218-234559,48000,300,0,400,0.113494873046875,0,0.0015149222454056144,0.022330736741423607,23.37024883069634,17280.0,360.0,60.0,
talkkey_e5,talkkey_e5/rep007_20251218-234602,48000,300,0,400,0.100738525390625,0,0.0018179663456976414,0.018685946241021156,20.238580802726606,16800.0,350.0,50.0,
talkkey_e5,talkkey_e5/rep008_20251218-234605,48000,300,0,400,0.1094970703125,0,0.0010763425379991531,0.020801248028874397,25.72277011055066,16800.0,350.0,50.0,
talkkey_e5,talkkey_e5/rep009_20251218-234608,48000,300,0,400,0.122833251953125,0,0.0010763787431642413,0.023716190829873085,26.86158877007264,17520.0,365.0,65.0,
talkkey_e5,talkkey_e5/rep010_20251218-234610,48000,300,0,400,0.066436767578125,0,0.0012663549277931452,0.012574638240039349,19.938794931739253,18240.0,380.0,80.0,
talkkey_f6,talkkey_f6/rep001_20251218-234628,48000,300,0,400,0.047454833984375,0,0.000773359090089798,0.009115871042013168,21.428329285099327,16800.0,350.0,50.0,
talkkey_f6,talkkey_f6/rep002_20251218-234630,48000,300,0,400,0.05804443359375,0,0.0008737786556594074,0.010281821712851524,21.41336364810104,16560.0,345.0,45.0,
talkkey_f6,talkkey_f6/rep003_20251218-234632,48000,300,0,400,0.05474853515625,0,0.0009631172870285809,0.009977846406400204,20.307144577220647,16800.0,350.0,50.0,
talkkey_f6,talkkey_f6/rep004_20251218-234635,48000,300,0,400,0.071319580078125,0,0.001127322087995708,0.012143595144152641,20.645978279769103,15360.0,320.0,20.0,
talkkey_f6,talkkey_f6/rep005_20251218-234637,48000,300,0,400,0.045562744140625,0,0.0012885082978755236,0.008314333856105804,16.19479909546326,16800.0,350.0,50.0,
talkkey_f6,talkkey_f6/rep006_20251218-234640,48000,300,0,400,0.046875,0,0.002729692729189992,0.008959202095866203,10.323109192885443,17040.0,355.0,55.0,low_snr
talkkey_f6,talkkey_f6/rep007_20251218-234642,48000,300,0,400,0.059051513671875,0,0.0015126710059121251,0.010609013959765434,16.918605841148306,16320.0,340.0,40.0,
talkkey_f6,talkkey_f6/rep008_20251218-234645,48000,300,0,400,0.0465087890625,0,0.0017991532804444432,0.008355237543582916,13.337808943661877,17280.0,360.0,60.0,low_snr
talkkey_f6,talkkey_f6/rep009_20251218-234648,48000,300,0,400,0.04754638671875,0,0.002863494912162423,0.008787979371845722,9.739850215568524,17040.0,355.0,55.0,low_snr
talkkey_f6,talkkey_f6/rep010_20251218-234650,48000,300,0,400,0.065704345703125,0,0.00277202227152884,0.011303323321044445,12.208186337419487,16560.0,345.0,45.0,low_snr
