label,rep_dir,selected,fs,onset_sample,rms_pre,rms_post,snr_db,peak,clipped,note
a#0,captures\a#0\rep001_20251219-223412,0,48000,15840,0.00076317,0.02653506,30.823,0.09079,0,aligned_meta.onset_sample
a#0,captures\a#0\rep002_20251219-223414,1,48000,14880,0.00058387,0.02838331,33.734,0.09891,0,aligned_meta.onset_sample
a#0,captures\a#0\rep003_20251219-223417,1,48000,15360,0.00059154,0.02875634,33.734,0.10272,0,aligned_meta.onset_sample
a#0,captures\a#0\rep004_20251219-223419,0,48000,14880,0.00071790,0.02515634,30.891,0.09384,0,aligned_meta.onset_sample
a#0,captures\a#0\rep005_20251219-223421,1,48000,14640,0.00070343,0.02704864,31.697,0.09839,0,aligned_meta.onset_sample
a#1,captures\a#1\rep001_20251219-224126,1,48000,15120,0.00046279,0.04774567,40.269,0.15759,0,aligned_meta.onset_sample
a#1,captures\a#1\rep002_20251219-224128,1,48000,15840,0.00078275,0.04481494,35.155,0.14719,0,aligned_meta.onset_sample
a#1,captures\a#1\rep003_20251219-224130,1,48000,15120,0.00080982,0.04636944,35.156,0.14807,0,aligned_meta.onset_sample
a#1,captures\a#1\rep004_20251219-224132,0,48000,15600,0.00077371,0.04341812,34.981,0.14334,0,aligned_meta.onset_sample
a#1,captures\a#1\rep005_20251219-224134,0,48000,15360,0.00070838,0.03857405,34.719,0.12018,0,aligned_meta.onset_sample
a#2,captures\a#2\rep001_20251219-224400,0,48000,14640,0.00146194,0.04560143,29.880,0.13150,0,aligned_meta.onset_sample
a#2,captures\a#2\rep002_20251219-224403,1,48000,15360,0.00123778,0.04333424,30.883,0.14621,0,aligned_meta.onset_sample
a#2,captures\a#2\rep003_20251219-224405,0,48000,15360,0.00143392,0.03905073,28.702,0.13388,0,aligned_meta.onset_sample
a#2,captures\a#2\rep004_20251219-224408,1,48000,15600,0.00118048,0.04160669,30.941,0.12900,0,aligned_meta.onset_sample
a#2,captures\a#2\rep005_20251219-224410,1,48000,14640,0.00081966,0.04230936,34.255,0.14261,0,aligned_meta.onset_sample
a#3,captures\a#3\rep001_20251219-224633,1,48000,15120,0.00046738,0.04819961,40.266,0.15350,0,aligned_meta.onset_sample
a#3,captures\a#3\rep002_20251219-224636,0,48000,15600,0.00081586,0.04235728,34.305,0.12704,0,aligned_meta.onset_sample
a#3,captures\a#3\rep003_20251219-224638,0,48000,15360,0.00076773,0.04607938,35.565,0.14960,0,aligned_meta.onset_sample
a#3,captures\a#3\rep004_20251219-224640,1,48000,15120,0.00070036,0.04846107,36.800,0.16037,0,aligned_meta.onset_sample
a#3,captures\a#3\rep005_20251219-224643,1,48000,15360,0.00070842,0.04665232,36.370,0.15027,0,aligned_meta.onset_sample
a#4,captures\a#4\rep001_20251219-224909,0,48000,15600,0.00072127,0.02196225,29.670,0.08139,0,aligned_meta.onset_sample
a#4,captures\a#4\rep002_20251219-224911,1,48000,15360,0.00059333,0.02401796,32.143,0.08795,0,aligned_meta.onset_sample
a#4,captures\a#4\rep003_20251219-224913,1,48000,15600,0.00071384,0.02591605,31.198,0.09470,0,aligned_meta.onset_sample
a#4,captures\a#4\rep005_20251219-224917,1,48000,15360,0.00064151,0.02240581,30.862,0.08664,0,aligned_meta.onset_sample
a#5,captures\a#5\rep001_20251219-225119,1,48000,14640,0.00031156,0.03561896,41.160,0.12933,0,aligned_meta.onset_sample
a#5,captures\a#5\rep004_20251219-225128,0,48000,15600,0.00039543,0.02318581,35.361,0.08368,0,aligned_meta.onset_sample
a#5,captures\a#5\rep005_20251220-165535,1,48000,15120,0.00034265,0.03286686,39.636,0.11172,0,aligned_meta.onset_sample
a#5,captures\a#5\rep006_20251220-165539,0,48000,15840,0.00043741,0.03068181,36.918,0.10330,0,aligned_meta.onset_sample
a#5,captures\a#5\rep007_20251220-165543,0,48000,16560,0.00036569,0.03386632,39.331,0.11182,0,aligned_meta.onset_sample
a#5,captures\a#5\rep008_20251220-165546,1,48000,15360,0.00033252,0.03487698,40.412,0.11917,0,aligned_meta.onset_sample
a#5,captures\a#5\rep009_20251220-165549,0,48000,16080,0.00063156,0.02825257,33.012,0.09448,0,aligned_meta.onset_sample
a#6,captures\a#6\rep001_20251219-225329,0,48000,16320,0.00044572,0.01944846,32.795,0.06613,0,aligned_meta.onset_sample
a#6,captures\a#6\rep002_20251219-225332,1,48000,16560,0.00035797,0.01838177,34.208,0.06192,0,aligned_meta.onset_sample
a#6,captures\a#6\rep003_20251219-225334,0,48000,16560,0.00049436,0.02346193,33.525,0.08105,0,aligned_meta.onset_sample
a#6,captures\a#6\rep004_20251219-225336,1,48000,14400,0.00029477,0.02508014,38.594,0.08957,0,aligned_meta.onset_sample
a#6,captures\a#6\rep005_20251219-225339,1,48000,14640,0.00031315,0.01757374,34.980,0.05859,0,aligned_meta.onset_sample
a#6,captures\a#6\rep007_20251219-225539,0,48000,15840,0.00070387,0.02550322,31.181,0.09305,0,aligned_meta.onset_sample
a0,captures\a0\rep001_20251219-134040,0,48000,16320,0.00082877,0.02970113,31.086,0.10641,0,aligned_meta.onset_sample
a0,captures\a0\rep002_20251219-134050,0,48000,16320,0.00074576,0.02825322,31.568,0.10278,0,aligned_meta.onset_sample
a0,captures\a0\rep003_20251219-134056,0,48000,16080,0.00069554,0.02991013,32.669,0.10992,0,aligned_meta.onset_sample
a0,captures\a0\rep004_20251219-134101,0,48000,16560,0.00104032,0.02706045,28.303,0.08990,0,aligned_meta.onset_sample
a0,captures\a0\rep005_20251219-134103,0,48000,16080,0.00081805,0.03867078,33.491,0.14325,0,aligned_meta.onset_sample
a0,captures\a0\rep006_20251219-134106,1,48000,16320,0.00051129,0.03673276,37.126,0.15366,0,aligned_meta.onset_sample
a0,captures\a0\rep007_20251219-134108,0,48000,15360,0.00093046,0.03838760,32.309,0.13965,0,aligned_meta.onset_sample
a0,captures\a0\rep008_20251219-134110,0,48000,15360,0.00101381,0.03416428,30.551,0.12350,0,aligned_meta.onset_sample
a0,captures\a0\rep009_20251219-134112,0,48000,16800,0.00127648,0.03314866,28.288,0.12140,0,aligned_meta.onset_sample
a0,captures\a0\rep010_20251219-134115,0,48000,16080,0.00104056,0.03622808,30.835,0.12277,0,aligned_meta.onset_sample
a0,captures\a0\rep011_20251219-134117,0,48000,15840,0.00107945,0.03779341,30.884,0.13327,0,aligned_meta.onset_sample
a0,captures\a0\rep012_20251219-134119,0,48000,16080,0.00090726,0.03140796,30.785,0.11987,0,aligned_meta.onset_sample
a0,captures\a0\rep013_20251219-134122,0,48000,15840,0.00082161,0.02932636,31.051,0.10770,0,aligned_meta.onset_sample
a0,captures\a0\rep014_20251219-134124,0,48000,15840,0.00073980,0.03189759,32.692,0.11838,0,aligned_meta.onset_sample
a0,captures\a0\rep015_20251219-134126,1,48000,16320,0.00071853,0.04280341,35.499,0.15366,0,aligned_meta.onset_sample
a0,captures\a0\rep016_20251219-134129,0,48000,16560,0.00068790,0.03026683,32.868,0.11319,0,aligned_meta.onset_sample
a0,captures\a0\rep017_20251219-134131,0,48000,15840,0.00113178,0.03194924,29.013,0.12506,0,aligned_meta.onset_sample
a0,captures\a0\rep018_20251219-134134,0,48000,15600,0.00091747,0.04274029,33.364,0.16742,0,aligned_meta.onset_sample
a0,captures\a0\rep019_20251219-134136,0,48000,16320,0.00073471,0.03176472,32.715,0.11212,0,aligned_meta.onset_sample
a0,captures\a0\rep020_20251219-223359,0,48000,16320,0.00079060,0.03313772,32.446,0.11490,0,aligned_meta.onset_sample
a0,captures\a0\rep021_20251219-223402,1,48000,16080,0.00068342,0.03591728,34.411,0.12350,0,aligned_meta.onset_sample
a0,captures\a0\rep022_20251219-223404,0,48000,16080,0.00069852,0.03421931,33.801,0.11859,0,aligned_meta.onset_sample
a0,captures\a0\rep023_20251219-223407,0,48000,16080,0.00071277,0.03430251,33.646,0.11508,0,aligned_meta.onset_sample
a0,captures\a0\rep024_20251219-223409,0,48000,16080,0.00098599,0.03843239,31.816,0.13028,0,aligned_meta.onset_sample
a1,captures\a1\rep001_20251219-134648,0,48000,14880,0.00091599,0.02400517,28.367,0.09235,0,aligned_meta.onset_sample
a1,captures\a1\rep002_20251219-134651,0,48000,16560,0.00096957,0.02539986,28.364,0.08994,0,aligned_meta.onset_sample
a1,captures\a1\rep003_20251219-134653,0,48000,16080,0.00106156,0.02953664,28.888,0.09625,0,aligned_meta.onset_sample
a1,captures\a1\rep004_20251219-134659,0,48000,16080,0.00080623,0.02784463,30.765,0.09146,0,aligned_meta.onset_sample
a1,captures\a1\rep005_20251219-134701,0,48000,15840,0.00090506,0.02677782,29.421,0.08316,0,aligned_meta.onset_sample
a1,captures\a1\rep006_20251219-134704,0,48000,15840,0.00092375,0.02968772,30.140,0.10144,0,aligned_meta.onset_sample
a1,captures\a1\rep007_20251219-134706,0,48000,16080,0.00096858,0.02570517,28.477,0.09512,0,aligned_meta.onset_sample
a1,captures\a1\rep009_20251219-134711,0,48000,15840,0.00099268,0.02486704,27.975,0.09451,0,aligned_meta.onset_sample
a1,captures\a1\rep010_20251219-134713,0,48000,16320,0.00095484,0.02804008,29.356,0.09039,0,aligned_meta.onset_sample
a1,captures\a1\rep011_20251219-134715,0,48000,15360,0.00081245,0.02760882,30.624,0.09125,0,aligned_meta.onset_sample
a1,captures\a1\rep012_20251219-134717,0,48000,16080,0.00091753,0.02605612,29.065,0.08746,0,aligned_meta.onset_sample
a1,captures\a1\rep013_20251219-134720,0,48000,16320,0.00089779,0.02886115,30.142,0.09656,0,aligned_meta.onset_sample
a1,captures\a1\rep014_20251219-134722,0,48000,15840,0.00070950,0.02719367,31.669,0.09207,0,aligned_meta.onset_sample
a1,captures\a1\rep016_20251219-134726,0,48000,15840,0.00106588,0.03157790,29.433,0.10339,0,aligned_meta.onset_sample
a1,captures\a1\rep017_20251219-134729,0,48000,15840,0.00095009,0.03085232,30.230,0.10562,0,aligned_meta.onset_sample
a1,captures\a1\rep018_20251219-134731,0,48000,16320,0.00100379,0.03046018,29.641,0.11148,0,aligned_meta.onset_sample
a1,captures\a1\rep019_20251219-134733,0,48000,16320,0.00083726,0.02637867,29.967,0.08484,0,aligned_meta.onset_sample
a1,captures\a1\rep020_20251219-134736,0,48000,15600,0.00088224,0.03284167,31.416,0.11484,0,aligned_meta.onset_sample
a1,captures\a1\rep021_20251219-224114,1,48000,15600,0.00064659,0.02945356,33.169,0.10669,0,aligned_meta.onset_sample
a1,captures\a1\rep022_20251219-224117,1,48000,15600,0.00048528,0.03101579,36.110,0.10703,0,aligned_meta.onset_sample
a1,captures\a1\rep023_20251219-224119,0,48000,15120,0.00071173,0.03114031,32.819,0.10373,0,aligned_meta.onset_sample
a1,captures\a1\rep024_20251219-224121,1,48000,15840,0.00061854,0.02921409,33.483,0.11841,0,aligned_meta.onset_sample
a1,captures\a1\rep025_20251219-224123,0,48000,15600,0.00069722,0.02968304,32.581,0.10306,0,aligned_meta.onset_sample
a2,captures\a2\rep001_20251219-224348,0,48000,14880,0.00090826,0.03264457,31.111,0.13916,0,aligned_meta.onset_sample
a2,captures\a2\rep002_20251219-224350,1,48000,15600,0.00075030,0.03168362,32.511,0.12949,0,aligned_meta.onset_sample
a2,captures\a2\rep003_20251219-224353,1,48000,15600,0.00060669,0.03231884,34.528,0.13281,0,aligned_meta.onset_sample
a2,captures\a2\rep004_20251219-224355,0,48000,15120,0.00085579,0.02982339,30.843,0.11868,0,aligned_meta.onset_sample
a2,captures\a2\rep005_20251219-224358,1,48000,14880,0.00080622,0.03255969,32.124,0.13727,0,aligned_meta.onset_sample
a3,captures\a3\rep001_20251219-135558,0,48000,16080,0.00189499,0.04127875,26.762,0.12476,0,aligned_meta.onset_sample
a3,captures\a3\rep002_20251219-135600,0,48000,15600,0.00107771,0.04335192,32.089,0.12555,0,aligned_meta.onset_sample
a3,captures\a3\rep003_20251219-135602,0,48000,15600,0.00088725,0.04641283,34.371,0.13382,0,aligned_meta.onset_sample
a3,captures\a3\rep004_20251219-135605,0,48000,14400,0.00073181,0.04392477,35.565,0.13318,0,aligned_meta.onset_sample
a3,captures\a3\rep005_20251219-135607,0,48000,15840,0.00103255,0.04634061,33.040,0.13724,0,aligned_meta.onset_sample
a3,captures\a3\rep006_20251219-135609,0,48000,15600,0.00087359,0.04789770,34.779,0.14014,0,aligned_meta.onset_sample
a3,captures\a3\rep007_20251219-135612,0,48000,15600,0.00102664,0.04307938,32.456,0.12732,0,aligned_meta.onset_sample
a3,captures\a3\rep008_20251219-135614,0,48000,15840,0.00087120,0.04208935,33.680,0.12292,0,aligned_meta.onset_sample
a3,captures\a3\rep010_20251219-135618,0,48000,15360,0.00097127,0.04321275,32.965,0.12299,0,aligned_meta.onset_sample
a3,captures\a3\rep011_20251219-135621,0,48000,15120,0.00084082,0.04399510,34.373,0.12900,0,aligned_meta.onset_sample
a3,captures\a3\rep012_20251219-135623,0,48000,16080,0.00106939,0.04560685,32.597,0.13904,0,aligned_meta.onset_sample
a3,captures\a3\rep013_20251219-135625,0,48000,16320,0.00075522,0.03564315,33.477,0.10278,0,aligned_meta.onset_sample
a3,captures\a3\rep014_20251219-135627,0,48000,16080,0.00082608,0.02877628,30.839,0.08292,0,aligned_meta.onset_sample
a3,captures\a3\rep015_20251219-135630,0,48000,15600,0.00101468,0.04491975,32.921,0.13284,0,aligned_meta.onset_sample
a3,captures\a3\rep017_20251219-135635,0,48000,15600,0.00083778,0.03984139,33.543,0.11737,0,aligned_meta.onset_sample
a3,captures\a3\rep018_20251219-135637,0,48000,16080,0.00068885,0.02950643,32.635,0.08597,0,aligned_meta.onset_sample
a3,captures\a3\rep019_20251219-135640,0,48000,16080,0.00081315,0.03540764,32.777,0.10373,0,aligned_meta.onset_sample
a3,captures\a3\rep020_20251219-135642,0,48000,14880,0.00106188,0.05264477,33.905,0.16266,0,aligned_meta.onset_sample
a3,captures\a3\rep021_20251219-224621,0,48000,15600,0.00062646,0.04779520,37.648,0.12888,0,aligned_meta.onset_sample
a3,captures\a3\rep022_20251219-224624,0,48000,15600,0.00044183,0.04547074,40.248,0.12537,0,aligned_meta.onset_sample
a3,captures\a3\rep023_20251219-224626,1,48000,15600,0.00033223,0.04559159,42.746,0.12494,0,aligned_meta.onset_sample
a3,captures\a3\rep024_20251219-224629,1,48000,15360,0.00041960,0.04574082,40.747,0.12497,0,aligned_meta.onset_sample
a3,captures\a3\rep025_20251219-224631,1,48000,15600,0.00037436,0.05078859,42.647,0.13770,0,aligned_meta.onset_sample
a4,captures\a4\rep001_20251219-224857,0,48000,15600,0.00118849,0.02411801,26.146,0.09479,0,aligned_meta.onset_sample
a4,captures\a4\rep002_20251219-224859,1,48000,15360,0.00107527,0.02736118,28.112,0.10233,0,aligned_meta.onset_sample
a4,captures\a4\rep004_20251219-224904,1,48000,14880,0.00099186,0.02604777,28.386,0.09888,0,aligned_meta.onset_sample
a4,captures\a4\rep005_20251219-224906,1,48000,15120,0.00108009,0.02813295,28.314,0.10696,0,aligned_meta.onset_sample
a5,captures\a5\rep001_20251219-225108,1,48000,14880,0.00031549,0.02272791,37.149,0.08835,0,aligned_meta.onset_sample
a5,captures\a5\rep004_20251219-225115,1,48000,17040,0.00064238,0.03901194,35.667,0.13379,0,aligned_meta.onset_sample
a5,captures\a5\rep005_20251219-225117,1,48000,17520,0.00068841,0.03169310,33.261,0.10419,0,aligned_meta.onset_sample
a6,captures\a6\rep001_20251219-225317,1,48000,17040,0.00038229,0.01317121,30.742,0.05005,0,aligned_meta.onset_sample
a6,captures\a6\rep003_20251219-225322,1,48000,16320,0.00045701,0.01481039,30.211,0.05878,0,aligned_meta.onset_sample
a6,captures\a6\rep004_20251219-225324,1,48000,17280,0.00044577,0.01292085,29.242,0.04916,0,aligned_meta.onset_sample
a6,captures\a6\rep005_20251219-225326,0,48000,16800,0.00041712,0.01075902,28.228,0.04089,0,aligned_meta.onset_sample
a6,captures\a6\rep006_20251219-225533,0,48000,16320,0.00069404,0.01194650,24.716,0.04974,0,aligned_meta.onset_sample
a6,captures\a6\rep007_20251219-225535,0,48000,16080,0.00080282,0.01000985,21.915,0.04251,0,aligned_meta.onset_sample
a7,captures\a7\rep001_20251219-230401,1,48000,16080,0.00034422,0.01978854,35.189,0.09967,0,aligned_meta.onset_sample
a7,captures\a7\rep002_20251219-230403,1,48000,15120,0.00034895,0.01493942,32.629,0.07361,0,aligned_meta.onset_sample
a7,captures\a7\rep003_20251219-230406,1,48000,16320,0.00034135,0.01492272,32.810,0.07031,0,aligned_meta.onset_sample
a7,captures\a7\rep004_20251219-230408,0,48000,15360,0.00032442,0.01320702,32.191,0.06738,0,aligned_meta.onset_sample
a7,captures\a7\rep005_20251219-230411,0,48000,15360,0.00033722,0.01366411,32.151,0.06937,0,aligned_meta.onset_sample
a7,captures\a7\rep006_20251219-230413,0,48000,15360,0.00037126,0.01522687,32.256,0.07361,0,aligned_meta.onset_sample
a7,captures\a7\rep007_20251219-230458,0,48000,15840,0.00034828,0.01357302,31.812,0.06955,0,aligned_meta.onset_sample
b0,captures\b0\rep001_20251219-223423,0,48000,16560,0.00092124,0.02574367,28.925,0.08292,0,aligned_meta.onset_sample
b0,captures\b0\rep002_20251219-223425,0,48000,15600,0.00078232,0.03017243,31.723,0.09946,0,aligned_meta.onset_sample
b0,captures\b0\rep003_20251219-223427,0,48000,15360,0.00085805,0.03335179,31.791,0.12131,0,aligned_meta.onset_sample
b0,captures\b0\rep004_20251219-223429,0,48000,15840,0.00071507,0.02947468,32.301,0.09906,0,aligned_meta.onset_sample
b0,captures\b0\rep005_20251219-223431,0,48000,15600,0.00097163,0.02902167,29.504,0.10800,0,aligned_meta.onset_sample
b0,captures\b0\rep006_20251219-223856,1,48000,15840,0.00033407,0.02631424,37.925,0.09470,0,aligned_meta.onset_sample
b0,captures\b0\rep007_20251219-223859,1,48000,16080,0.00036457,0.02511452,36.761,0.08762,0,aligned_meta.onset_sample
b0,captures\b0\rep008_20251219-223901,1,48000,15600,0.00038887,0.02644950,36.650,0.09442,0,aligned_meta.onset_sample
b0,captures\b0\rep009_20251219-223903,0,48000,15360,0.00054769,0.02638327,33.654,0.08963,0,aligned_meta.onset_sample
b0,captures\b0\rep010_20251219-223905,0,48000,16080,0.00050066,0.03041199,35.668,0.10034,0,aligned_meta.onset_sample
b1,captures\b1\rep001_20251219-224137,1,48000,15840,0.00074314,0.04549559,35.737,0.12106,0,aligned_meta.onset_sample
b1,captures\b1\rep002_20251219-224139,0,48000,15360,0.00078601,0.04036131,34.210,0.10526,0,aligned_meta.onset_sample
b1,captures\b1\rep003_20251219-224141,0,48000,15600,0.00078279,0.04035537,34.244,0.11191,0,aligned_meta.onset_sample
b1,captures\b1\rep004_20251219-224143,1,48000,15120,0.00059225,0.03980596,36.547,0.11459,0,aligned_meta.onset_sample
b1,captures\b1\rep005_20251219-224146,1,48000,15360,0.00062939,0.03533608,34.985,0.10144,0,aligned_meta.onset_sample
b2,captures\b2\rep001_20251219-224412,1,48000,16080,0.00057912,0.04897892,38.543,0.15561,0,aligned_meta.onset_sample
b2,captures\b2\rep002_20251219-224415,1,48000,15600,0.00072076,0.04379823,35.672,0.13968,0,aligned_meta.onset_sample
b2,captures\b2\rep003_20251219-224417,0,48000,15120,0.00093577,0.04368924,33.383,0.13782,0,aligned_meta.onset_sample
b2,captures\b2\rep004_20251219-224419,1,48000,14400,0.00042038,0.04161766,39.911,0.13776,0,aligned_meta.onset_sample
b2,captures\b2\rep005_20251219-224422,0,48000,15600,0.00107157,0.04444114,32.354,0.14157,0,aligned_meta.onset_sample
b3,captures\b3\rep001_20251219-224645,1,48000,15600,0.00085941,0.04431877,34.247,0.13879,0,aligned_meta.onset_sample
b3,captures\b3\rep002_20251219-224648,0,48000,15360,0.00093600,0.04622291,33.871,0.15125,0,aligned_meta.onset_sample
b3,captures\b3\rep003_20251219-224650,0,48000,15120,0.00088093,0.04052422,33.255,0.13162,0,aligned_meta.onset_sample
b3,captures\b3\rep004_20251219-224653,1,48000,15360,0.00081295,0.04247838,34.361,0.13791,0,aligned_meta.onset_sample
b3,captures\b3\rep005_20251219-224655,1,48000,15120,0.00069426,0.04282058,35.801,0.14325,0,aligned_meta.onset_sample
b4,captures\b4\rep001_20251219-224919,1,48000,15600,0.00035508,0.04209577,41.476,0.17007,0,aligned_meta.onset_sample
b4,captures\b4\rep002_20251219-224921,1,48000,14640,0.00037780,0.04076943,40.659,0.16895,0,aligned_meta.onset_sample
b4,captures\b4\rep003_20251219-224923,0,48000,15360,0.00047491,0.04457722,39.448,0.18622,0,aligned_meta.onset_sample
b4,captures\b4\rep004_20251219-224925,1,48000,15600,0.00040222,0.03793111,39.489,0.15863,0,aligned_meta.onset_sample
b4,captures\b4\rep005_20251219-224927,0,48000,16320,0.00064987,0.04468855,36.746,0.18140,0,aligned_meta.onset_sample
b5,captures\b5\rep001_20251219-225130,1,48000,16080,0.00036557,0.02044067,34.948,0.06537,0,aligned_meta.onset_sample
b5,captures\b5\rep002_20251219-225132,1,48000,14400,0.00029878,0.01549344,34.293,0.05182,0,aligned_meta.onset_sample
b5,captures\b5\rep003_20251219-225135,0,48000,17520,0.00051802,0.01667873,30.155,0.05441,0,aligned_meta.onset_sample
b5,captures\b5\rep004_20251219-225137,0,48000,17280,0.00050743,0.01241978,27.773,0.03940,0,aligned_meta.onset_sample
b5,captures\b5\rep005_20251219-225138,1,48000,17280,0.00042370,0.02183256,34.239,0.07074,0,aligned_meta.onset_sample
b6,captures\b6\rep001_20251219-225343,0,48000,16560,0.00056754,0.02467005,32.762,0.09027,0,aligned_meta.onset_sample
b6,captures\b6\rep002_20251219-225346,1,48000,16080,0.00039695,0.02531544,36.091,0.10022,0,aligned_meta.onset_sample
b6,captures\b6\rep003_20251219-225348,0,48000,16320,0.00035251,0.01831362,34.310,0.07083,0,aligned_meta.onset_sample
b6,captures\b6\rep004_20251219-225350,0,48000,15600,0.00040648,0.01504734,31.366,0.06277,0,aligned_meta.onset_sample
b6,captures\b6\rep005_20251219-225353,0,48000,16320,0.00059849,0.02085380,30.841,0.07809,0,aligned_meta.onset_sample
b6,captures\b6\rep006_20251219-225542,0,48000,16560,0.00076451,0.01877594,27.803,0.07788,0,aligned_meta.onset_sample
b6,captures\b6\rep007_20251219-225544,0,48000,16080,0.00067269,0.02174593,30.190,0.08881,0,aligned_meta.onset_sample
b6,captures\b6\rep008_20251219-230100,0,48000,16080,0.00034451,0.02056972,35.518,0.08383,0,aligned_meta.onset_sample
b6,captures\b6\rep009_20251219-230103,0,48000,15360,0.00039136,0.01878200,33.621,0.07748,0,aligned_meta.onset_sample
b6,captures\b6\rep010_20251219-230105,1,48000,15600,0.00033023,0.02241809,36.633,0.09164,0,aligned_meta.onset_sample
b6,captures\b6\rep011_20251219-230107,0,48000,15600,0.00033991,0.01976512,35.288,0.07254,0,aligned_meta.onset_sample
b6,captures\b6\rep012_20251219-230109,0,48000,15840,0.00034932,0.01732956,33.909,0.06403,0,aligned_meta.onset_sample
b6,captures\b6\rep013_20251219-230112,1,48000,15600,0.00033735,0.02107462,35.911,0.08136,0,aligned_meta.onset_sample
c#1,captures\c#1\rep001_20251219-223918,0,48000,14880,0.00133918,0.03226553,27.637,0.11133,0,aligned_meta.onset_sample
c#1,captures\c#1\rep002_20251219-223920,1,48000,14880,0.00083953,0.03026514,31.137,0.11880,0,aligned_meta.onset_sample
c#1,captures\c#1\rep003_20251219-223922,1,48000,15360,0.00105221,0.03124372,29.452,0.10556,0,aligned_meta.onset_sample
c#1,captures\c#1\rep004_20251219-223924,1,48000,15360,0.00068142,0.02889864,32.548,0.09641,0,aligned_meta.onset_sample
c#2,captures\c#2\rep001_20251219-224200,1,48000,15120,0.00050470,0.04425913,38.858,0.15189,0,aligned_meta.onset_sample
c#2,captures\c#2\rep002_20251219-224202,1,48000,14880,0.00053931,0.04375882,38.183,0.14984,0,aligned_meta.onset_sample
c#2,captures\c#2\rep003_20251219-224204,0,48000,15600,0.00050325,0.04072829,38.161,0.13855,0,aligned_meta.onset_sample
c#2,captures\c#2\rep004_20251219-224206,1,48000,15840,0.00053754,0.04602569,38.650,0.15289,0,aligned_meta.onset_sample
c#2,captures\c#2\rep005_20251219-224209,0,48000,15600,0.00061743,0.04403699,37.063,0.15167,0,aligned_meta.onset_sample
c#3,captures\c#3\rep001_20251219-224445,1,48000,15840,0.00109057,0.05662899,34.307,0.18481,0,aligned_meta.onset_sample
c#3,captures\c#3\rep002_20251219-224448,1,48000,15360,0.00066528,0.05997144,39.097,0.19858,0,aligned_meta.onset_sample
c#3,captures\c#3\rep003_20251219-224450,0,48000,15120,0.00124302,0.05471482,32.872,0.18451,0,aligned_meta.onset_sample
c#3,captures\c#3\rep004_20251219-224452,1,48000,15840,0.00077824,0.05630755,37.188,0.18661,0,aligned_meta.onset_sample
c#4,captures\c#4\rep001_20251219-224709,0,48000,15120,0.00072382,0.03981281,34.807,0.15604,0,aligned_meta.onset_sample
c#4,captures\c#4\rep002_20251219-224711,1,48000,15600,0.00044739,0.03642257,38.212,0.14453,0,aligned_meta.onset_sample
c#4,captures\c#4\rep003_20251219-224714,1,48000,15840,0.00052072,0.03871527,37.424,0.14853,0,aligned_meta.onset_sample
c#4,captures\c#4\rep004_20251219-224716,0,48000,15840,0.00051381,0.03558310,36.807,0.13626,0,aligned_meta.onset_sample
c#4,captures\c#4\rep005_20251219-224718,1,48000,15600,0.00052305,0.03853039,37.344,0.16083,0,aligned_meta.onset_sample
c#5,captures\c#5\rep001_20251219-224940,0,48000,15120,0.00090085,0.05324026,35.431,0.14203,0,aligned_meta.onset_sample
c#5,captures\c#5\rep002_20251219-224942,1,48000,15840,0.00053347,0.04586544,38.686,0.11850,0,aligned_meta.onset_sample
c#5,captures\c#5\rep003_20251219-224944,1,48000,15120,0.00031879,0.05017691,43.937,0.13739,0,aligned_meta.onset_sample
c#5,captures\c#5\rep004_20251219-224946,0,48000,14640,0.00067016,0.04803638,37.107,0.12796,0,aligned_meta.onset_sample
c#5,captures\c#5\rep005_20251219-224948,1,48000,15600,0.00054272,0.04535470,38.439,0.12280,0,aligned_meta.onset_sample
c#6,captures\c#6\rep002_20251219-225152,1,48000,16560,0.00049488,0.02618143,34.468,0.08990,0,aligned_meta.onset_sample
c#6,captures\c#6\rep003_20251219-225154,1,48000,16800,0.00048473,0.02782599,35.177,0.09579,0,aligned_meta.onset_sample
c#6,captures\c#6\rep004_20251219-225156,0,48000,17040,0.00043619,0.02237699,34.201,0.07645,0,aligned_meta.onset_sample
c#6,captures\c#6\rep005_20251219-225158,1,48000,17280,0.00035988,0.02057831,35.143,0.07281,0,aligned_meta.onset_sample
c#7,captures\c#7\rep001_20251219-230128,0,48000,15120,0.00121394,0.01591806,22.353,0.06738,0,aligned_meta.onset_sample
c#7,captures\c#7\rep002_20251219-230130,0,48000,15360,0.00038971,0.01291638,30.406,0.05161,0,aligned_meta.onset_sample
c#7,captures\c#7\rep003_20251219-230132,1,48000,15360,0.00033208,0.01328028,32.037,0.05441,0,aligned_meta.onset_sample
c#7,captures\c#7\rep004_20251219-230135,1,48000,15120,0.00033750,0.01314489,31.807,0.06024,0,aligned_meta.onset_sample
c#7,captures\c#7\rep005_20251219-230137,1,48000,15120,0.00032310,0.01495713,33.308,0.07175,0,aligned_meta.onset_sample
c#7,captures\c#7\rep006_20251219-230139,0,48000,15120,0.00034646,0.01087882,29.936,0.05020,0,aligned_meta.onset_sample
c1,captures\c1\rep001_20251219-134340,0,48000,15840,0.00115533,0.02217515,25.663,0.07092,0,aligned_meta.onset_sample
c1,captures\c1\rep002_20251219-134349,0,48000,15840,0.00090745,0.02112386,27.338,0.06271,0,aligned_meta.onset_sample
c1,captures\c1\rep003_20251219-134352,0,48000,16080,0.00111685,0.02775607,27.907,0.09644,0,aligned_meta.onset_sample
c1,captures\c1\rep004_20251219-134355,0,48000,16320,0.00120054,0.02279233,25.568,0.07925,0,aligned_meta.onset_sample
c1,captures\c1\rep005_20251219-134358,0,48000,15840,0.00113898,0.02162224,25.567,0.07495,0,aligned_meta.onset_sample
c1,captures\c1\rep006_20251219-134400,0,48000,16080,0.00114117,0.02221786,25.786,0.07495,0,aligned_meta.onset_sample
c1,captures\c1\rep007_20251219-134403,0,48000,16080,0.00106529,0.01855003,24.817,0.05817,0,aligned_meta.onset_sample
c1,captures\c1\rep008_20251219-134405,0,48000,16320,0.00104354,0.01914882,25.272,0.05975,0,aligned_meta.onset_sample
c1,captures\c1\rep009_20251219-134407,0,48000,16080,0.00112630,0.02402283,26.579,0.07895,0,aligned_meta.onset_sample
c1,captures\c1\rep010_20251219-134410,0,48000,15600,0.00130933,0.02289786,24.854,0.07925,0,aligned_meta.onset_sample
c1,captures\c1\rep011_20251219-134412,0,48000,16320,0.00116640,0.02143516,25.285,0.07211,0,aligned_meta.onset_sample
c1,captures\c1\rep012_20251219-134414,0,48000,15600,0.00135705,0.02229865,24.313,0.07224,0,aligned_meta.onset_sample
c1,captures\c1\rep013_20251219-134417,0,48000,15840,0.00101255,0.02141219,26.504,0.07660,0,aligned_meta.onset_sample
c1,captures\c1\rep014_20251219-134419,0,48000,16320,0.00092407,0.02153254,27.347,0.07462,0,aligned_meta.onset_sample
c1,captures\c1\rep015_20251219-134421,0,48000,15840,0.00122695,0.02227470,25.179,0.07709,0,aligned_meta.onset_sample
c1,captures\c1\rep016_20251219-134423,0,48000,16080,0.00126887,0.02443067,25.690,0.07962,0,aligned_meta.onset_sample
c1,captures\c1\rep017_20251219-134425,0,48000,15840,0.00098850,0.02436605,27.835,0.08261,0,aligned_meta.onset_sample
c1,captures\c1\rep018_20251219-134428,0,48000,14640,0.00098462,0.02104453,26.597,0.06570,0,aligned_meta.onset_sample
c1,captures\c1\rep019_20251219-134430,0,48000,14640,0.00102584,0.02407437,27.409,0.08813,0,aligned_meta.onset_sample
c1,captures\c1\rep020_20251219-134432,0,48000,14880,0.00108973,0.02550947,27.387,0.09244,0,aligned_meta.onset_sample
c1,captures\c1\rep021_20251219-223907,1,48000,15360,0.00075737,0.02760871,31.234,0.09039,0,aligned_meta.onset_sample
c1,captures\c1\rep022_20251219-223909,1,48000,15120,0.00048230,0.02674490,34.877,0.09933,0,aligned_meta.onset_sample
c1,captures\c1\rep023_20251219-223912,0,48000,15360,0.00075099,0.02476403,30.363,0.08868,0,aligned_meta.onset_sample
c1,captures\c1\rep024_20251219-223914,1,48000,15120,0.00064546,0.02534858,31.880,0.08902,0,aligned_meta.onset_sample
c1,captures\c1\rep025_20251219-223916,0,48000,14880,0.00072502,0.02627983,31.184,0.09354,0,aligned_meta.onset_sample
c2,captures\c2\rep001_20251219-224148,1,48000,15600,0.00060059,0.04295176,37.087,0.13419,0,aligned_meta.onset_sample
c2,captures\c2\rep002_20251219-224151,0,48000,15600,0.00063316,0.03542675,34.955,0.11298,0,aligned_meta.onset_sample
c2,captures\c2\rep003_20251219-224153,0,48000,15600,0.00069368,0.03610905,34.328,0.11523,0,aligned_meta.onset_sample
c2,captures\c2\rep004_20251219-224155,1,48000,16080,0.00044846,0.04785846,40.563,0.14142,0,aligned_meta.onset_sample
c2,captures\c2\rep005_20251219-224157,1,48000,15120,0.00041233,0.03718610,39.101,0.10617,0,aligned_meta.onset_sample
c3,captures\c3\rep001_20251219-134809,0,48000,15600,0.00107511,0.04436932,32.312,0.10736,0,aligned_meta.onset_sample
c3,captures\c3\rep002_20251219-134811,0,48000,16560,0.00075724,0.05419990,37.094,0.14059,0,aligned_meta.onset_sample
c3,captures\c3\rep003_20251219-134813,0,48000,15840,0.00074723,0.06033558,38.141,0.15750,0,aligned_meta.onset_sample
c3,captures\c3\rep004_20251219-134815,0,48000,15840,0.00090275,0.06278458,36.845,0.14456,0,aligned_meta.onset_sample
c3,captures\c3\rep005_20251219-134817,0,48000,15600,0.00077878,0.06565776,38.516,0.16129,0,aligned_meta.onset_sample
c3,captures\c3\rep006_20251219-134820,0,48000,15360,0.00075664,0.06445836,38.607,0.16074,0,aligned_meta.onset_sample
c3,captures\c3\rep007_20251219-134822,0,48000,15120,0.00063076,0.06003872,39.570,0.15259,0,aligned_meta.onset_sample
c3,captures\c3\rep008_20251219-134824,0,48000,16080,0.00089444,0.06270338,36.914,0.14297,0,aligned_meta.onset_sample
c3,captures\c3\rep009_20251219-134827,0,48000,15840,0.00093733,0.06068522,36.223,0.15277,0,aligned_meta.onset_sample
c3,captures\c3\rep010_20251219-134829,0,48000,16080,0.00116242,0.05686050,33.788,0.13113,0,aligned_meta.onset_sample
c3,captures\c3\rep011_20251219-134832,0,48000,15600,0.00085156,0.05982389,36.932,0.14734,0,aligned_meta.onset_sample
c3,captures\c3\rep012_20251219-134834,1,48000,14640,0.00047141,0.05522906,41.373,0.15192,0,aligned_meta.onset_sample
c3,captures\c3\rep013_20251219-134836,0,48000,16560,0.00099862,0.05915128,35.450,0.13129,0,aligned_meta.onset_sample
c3,captures\c3\rep014_20251219-134839,0,48000,15840,0.00082671,0.06743271,38.229,0.16171,0,aligned_meta.onset_sample
c3,captures\c3\rep015_20251219-134841,1,48000,15120,0.00051692,0.05802145,41.002,0.15039,0,aligned_meta.onset_sample
c3,captures\c3\rep016_20251219-134843,0,48000,15840,0.00129536,0.05481840,32.530,0.12646,0,aligned_meta.onset_sample
c3,captures\c3\rep017_20251219-134845,0,48000,15120,0.00063580,0.06505938,40.198,0.16302,0,aligned_meta.onset_sample
c3,captures\c3\rep018_20251219-134848,0,48000,16080,0.00090075,0.05936556,36.378,0.13367,0,aligned_meta.onset_sample
c3,captures\c3\rep019_20251219-134850,0,48000,15840,0.00106877,0.05691892,34.527,0.14798,0,aligned_meta.onset_sample
c3,captures\c3\rep020_20251219-134852,0,48000,16320,0.00108231,0.05469683,34.071,0.14053,0,aligned_meta.onset_sample
c3,captures\c3\rep021_20251219-224436,0,48000,15840,0.00058592,0.06543311,40.958,0.14474,0,aligned_meta.onset_sample
c3,captures\c3\rep022_20251219-224438,1,48000,14400,0.00037591,0.06125117,44.238,0.15240,0,aligned_meta.onset_sample
c3,captures\c3\rep023_20251219-224441,0,48000,15840,0.00078420,0.05551090,36.998,0.12415,0,aligned_meta.onset_sample
c3,captures\c3\rep024_20251219-224443,0,48000,14880,0.00081101,0.06566405,38.165,0.14371,0,aligned_meta.onset_sample
c4,captures\c4\rep001_20251219-135706,0,48000,15360,0.00107783,0.05640751,34.375,0.14932,0,aligned_meta.onset_sample
c4,captures\c4\rep002_20251219-135708,0,48000,15600,0.00112483,0.05770414,34.202,0.15213,0,aligned_meta.onset_sample
c4,captures\c4\rep003_20251219-135710,0,48000,15360,0.00116229,0.05335671,33.237,0.16861,0,aligned_meta.onset_sample
c4,captures\c4\rep004_20251219-135712,0,48000,15840,0.00094271,0.05691236,35.616,0.15588,0,aligned_meta.onset_sample
c4,captures\c4\rep005_20251219-135714,1,48000,15840,0.00076701,0.05694192,37.412,0.15292,0,aligned_meta.onset_sample
c4,captures\c4\rep006_20251219-135717,0,48000,15600,0.00107109,0.04609961,32.677,0.13571,0,aligned_meta.onset_sample
c4,captures\c4\rep007_20251219-135719,0,48000,15360,0.00113389,0.05916365,34.349,0.16815,0,aligned_meta.onset_sample
c4,captures\c4\rep008_20251219-135721,0,48000,15360,0.00106134,0.04870212,33.233,0.13638,0,aligned_meta.onset_sample
c4,captures\c4\rep009_20251219-135723,0,48000,16080,0.00098535,0.04175352,32.541,0.11618,0,aligned_meta.onset_sample
c4,captures\c4\rep010_20251219-135725,0,48000,15360,0.00096913,0.04959300,34.180,0.14313,0,aligned_meta.onset_sample
c4,captures\c4\rep011_20251219-135728,0,48000,15360,0.00083106,0.04383671,34.443,0.11359,0,aligned_meta.onset_sample
c4,captures\c4\rep012_20251219-135730,0,48000,16080,0.00093959,0.05183413,34.833,0.14102,0,aligned_meta.onset_sample
c4,captures\c4\rep013_20251219-135732,0,48000,15120,0.00104494,0.04815296,33.270,0.13556,0,aligned_meta.onset_sample
c4,captures\c4\rep014_20251219-135734,0,48000,15360,0.00095962,0.04812759,34.005,0.12488,0,aligned_meta.onset_sample
c4,captures\c4\rep015_20251219-135737,0,48000,15600,0.00103887,0.05355644,34.244,0.14850,0,aligned_meta.onset_sample
c4,captures\c4\rep016_20251219-135739,0,48000,14400,0.00088420,0.06106813,36.784,0.18076,0,aligned_meta.onset_sample
c4,captures\c4\rep017_20251219-135741,0,48000,16080,0.00076327,0.03843978,34.041,0.09924,0,aligned_meta.onset_sample
c4,captures\c4\rep018_20251219-135744,0,48000,15840,0.00094042,0.03319649,30.955,0.08148,0,aligned_meta.onset_sample
c4,captures\c4\rep019_20251219-135746,0,48000,15840,0.00108331,0.05241941,33.694,0.15900,0,aligned_meta.onset_sample
c4,captures\c4\rep020_20251219-135748,0,48000,15360,0.00207894,0.05761484,28.853,0.16412,0,aligned_meta.onset_sample
c4,captures\c4\rep021_20251219-224657,0,48000,15120,0.00113143,0.05154285,33.170,0.14233,0,aligned_meta.onset_sample
c4,captures\c4\rep022_20251219-224700,1,48000,16080,0.00064783,0.05741569,38.950,0.16220,0,aligned_meta.onset_sample
c4,captures\c4\rep023_20251219-224702,1,48000,15360,0.00062887,0.04676082,37.425,0.12888,0,aligned_meta.onset_sample
c4,captures\c4\rep024_20251219-224704,0,48000,15360,0.00075508,0.05552149,37.328,0.15356,0,aligned_meta.onset_sample
c4,captures\c4\rep025_20251219-224707,0,48000,15360,0.00080379,0.05113863,36.071,0.13507,0,aligned_meta.onset_sample
c5,captures\c5\rep001_20251219-140027,0,48000,15840,0.00077430,0.03380826,32.801,0.09940,0,aligned_meta.onset_sample
c5,captures\c5\rep002_20251219-140030,0,48000,16080,0.00061504,0.03843094,35.914,0.11038,0,aligned_meta.onset_sample
c5,captures\c5\rep003_20251219-140032,0,48000,15120,0.00065509,0.03899372,35.493,0.11295,0,aligned_meta.onset_sample
c5,captures\c5\rep004_20251219-140034,0,48000,15840,0.00069358,0.03584026,34.264,0.10556,0,aligned_meta.onset_sample
c5,captures\c5\rep005_20251219-140036,0,48000,15360,0.00077158,0.03270557,32.544,0.10236,0,aligned_meta.onset_sample
c5,captures\c5\rep006_20251219-140038,0,48000,14880,0.00073441,0.03547569,33.679,0.10629,0,aligned_meta.onset_sample
c5,captures\c5\rep007_20251219-140041,0,48000,15360,0.00080512,0.04131280,34.203,0.12143,0,aligned_meta.onset_sample
c5,captures\c5\rep008_20251219-140043,0,48000,14640,0.00066664,0.03388619,34.121,0.10315,0,aligned_meta.onset_sample
c5,captures\c5\rep009_20251219-140045,0,48000,15600,0.00078579,0.03977633,34.085,0.11298,0,aligned_meta.onset_sample
c5,captures\c5\rep010_20251219-140047,0,48000,15600,0.00129407,0.03616129,28.925,0.10208,0,aligned_meta.onset_sample
c5,captures\c5\rep011_20251219-140049,0,48000,15600,0.00082910,0.04085552,33.852,0.12195,0,aligned_meta.onset_sample
c5,captures\c5\rep012_20251219-140052,0,48000,15120,0.00076848,0.03795423,33.871,0.11960,0,aligned_meta.onset_sample
c5,captures\c5\rep013_20251219-140054,0,48000,15840,0.00052527,0.03139755,35.529,0.08823,0,aligned_meta.onset_sample
c5,captures\c5\rep014_20251219-140056,0,48000,15120,0.00152620,0.04110601,28.605,0.14178,0,aligned_meta.onset_sample
c5,captures\c5\rep016_20251219-140101,0,48000,15120,0.00063020,0.03901289,35.833,0.12576,0,aligned_meta.onset_sample
c5,captures\c5\rep017_20251219-140103,0,48000,15600,0.00052823,0.02795055,34.470,0.07886,0,aligned_meta.onset_sample
c5,captures\c5\rep018_20251219-140105,0,48000,15840,0.00069751,0.04071262,35.322,0.12231,0,aligned_meta.onset_sample
c5,captures\c5\rep019_20251219-140107,0,48000,15120,0.00099246,0.04491941,33.114,0.14703,0,aligned_meta.onset_sample
c5,captures\c5\rep020_20251219-140110,1,48000,14400,0.00061067,0.04745883,37.809,0.15112,0,aligned_meta.onset_sample
c5,captures\c5\rep021_20251219-224929,0,48000,15600,0.00053567,0.03428023,36.121,0.10330,0,aligned_meta.onset_sample
c5,captures\c5\rep022_20251219-224931,0,48000,15600,0.00059765,0.03571738,35.527,0.10599,0,aligned_meta.onset_sample
c5,captures\c5\rep023_20251219-224933,1,48000,15120,0.00040834,0.03288082,38.116,0.09406,0,aligned_meta.onset_sample
c5,captures\c5\rep024_20251219-224935,0,48000,15840,0.00052830,0.03826009,37.196,0.11496,0,aligned_meta.onset_sample
c5,captures\c5\rep025_20251219-224937,1,48000,15360,0.00050420,0.03907480,37.784,0.11862,0,aligned_meta.onset_sample
c6,captures\c6\rep001_20251219-225140,0,48000,16800,0.00074840,0.02354940,29.956,0.08057,0,aligned_meta.onset_sample
c6,captures\c6\rep002_20251219-225142,1,48000,16800,0.00045381,0.01846091,32.186,0.06091,0,aligned_meta.onset_sample
c6,captures\c6\rep003_20251219-225144,1,48000,16800,0.00042802,0.02659384,35.864,0.09689,0,aligned_meta.onset_sample
c6,captures\c6\rep004_20251219-225146,0,48000,17040,0.00043439,0.01601828,31.333,0.05795,0,aligned_meta.onset_sample
c6,captures\c6\rep005_20251219-225148,1,48000,16560,0.00065239,0.02856473,32.825,0.10132,0,aligned_meta.onset_sample
c7,captures\c7\rep001_20251219-230114,0,48000,15360,0.00035466,0.01571608,32.928,0.06113,0,aligned_meta.onset_sample
c7,captures\c7\rep002_20251219-230117,1,48000,15360,0.00035041,0.01811127,34.265,0.07797,0,aligned_meta.onset_sample
c7,captures\c7\rep003_20251219-230119,1,48000,15840,0.00037694,0.01681447,32.986,0.06876,0,aligned_meta.onset_sample
c7,captures\c7\rep004_20251219-230121,0,48000,15840,0.00037639,0.01666816,32.923,0.06982,0,aligned_meta.onset_sample
c7,captures\c7\rep005_20251219-230123,1,48000,14880,0.00033662,0.01699527,34.061,0.07553,0,aligned_meta.onset_sample
c7,captures\c7\rep006_20251219-230126,0,48000,15360,0.00036927,0.01424734,31.726,0.06039,0,aligned_meta.onset_sample
d#1,captures\d#1\rep001_20251219-224005,1,48000,15600,0.00068900,0.02633521,31.645,0.09888,0,aligned_meta.onset_sample
d#1,captures\d#1\rep002_20251219-224008,1,48000,15840,0.00054515,0.02848094,34.359,0.10004,0,aligned_meta.onset_sample
d#1,captures\d#1\rep003_20251219-224011,1,48000,15600,0.00062786,0.02709108,32.698,0.10178,0,aligned_meta.onset_sample
d#1,captures\d#1\rep004_20251219-224013,0,48000,15600,0.00066539,0.02453027,31.331,0.08511,0,aligned_meta.onset_sample
d#1,captures\d#1\rep005_20251219-224016,0,48000,15360,0.00073917,0.02766215,31.462,0.09094,0,aligned_meta.onset_sample
d#2,captures\d#2\rep001_20251219-224223,1,48000,15120,0.00075994,0.06455594,38.582,0.17343,0,aligned_meta.onset_sample
d#2,captures\d#2\rep002_20251219-224225,0,48000,15360,0.00091739,0.06283858,36.713,0.16354,0,aligned_meta.onset_sample
d#2,captures\d#2\rep003_20251219-224228,0,48000,15840,0.00092746,0.05754976,35.854,0.14948,0,aligned_meta.onset_sample
d#2,captures\d#2\rep004_20251219-224230,1,48000,14880,0.00073900,0.05976731,38.155,0.16223,0,aligned_meta.onset_sample
d#2,captures\d#2\rep005_20251219-224232,1,48000,15600,0.00067763,0.04751394,36.915,0.12866,0,aligned_meta.onset_sample
d#3,captures\d#3\rep001_20251219-135314,0,48000,15120,0.00094383,0.02962506,29.934,0.10834,0,aligned_meta.onset_sample
d#3,captures\d#3\rep002_20251219-135321,0,48000,16080,0.00155557,0.03252943,26.407,0.10468,0,aligned_meta.onset_sample
d#3,captures\d#3\rep003_20251219-135323,0,48000,15600,0.00138789,0.03144792,27.104,0.10934,0,aligned_meta.onset_sample
d#3,captures\d#3\rep004_20251219-135325,0,48000,15600,0.00141067,0.03014996,26.597,0.10406,0,aligned_meta.onset_sample
d#3,captures\d#3\rep005_20251219-135328,0,48000,16080,0.00154172,0.03394012,26.854,0.12613,0,aligned_meta.onset_sample
d#3,captures\d#3\rep006_20251219-135330,0,48000,16080,0.00150654,0.03239881,26.650,0.11414,0,aligned_meta.onset_sample
d#3,captures\d#3\rep007_20251219-135332,0,48000,14880,0.00135652,0.03082755,27.130,0.11508,0,aligned_meta.onset_sample
d#3,captures\d#3\rep009_20251219-135337,0,48000,16320,0.00158230,0.03317693,26.430,0.11969,0,aligned_meta.onset_sample
d#3,captures\d#3\rep011_20251219-135343,0,48000,16080,0.00153837,0.03445323,27.003,0.11905,0,aligned_meta.onset_sample
d#3,captures\d#3\rep012_20251219-135345,0,48000,16080,0.00136578,0.03861963,29.028,0.13669,0,aligned_meta.onset_sample
d#3,captures\d#3\rep014_20251219-135350,0,48000,15600,0.00136843,0.03328379,27.720,0.12073,0,aligned_meta.onset_sample
d#3,captures\d#3\rep015_20251219-135352,0,48000,15840,0.00149133,0.03062351,26.249,0.10681,0,aligned_meta.onset_sample
d#3,captures\d#3\rep016_20251219-135355,0,48000,15600,0.00149472,0.03308009,26.900,0.11356,0,aligned_meta.onset_sample
d#3,captures\d#3\rep017_20251219-135357,0,48000,15840,0.00147996,0.03229430,26.777,0.11188,0,aligned_meta.onset_sample
d#3,captures\d#3\rep018_20251219-135400,0,48000,15600,0.00104078,0.03472489,30.465,0.11844,0,aligned_meta.onset_sample
d#3,captures\d#3\rep019_20251219-135402,0,48000,15840,0.00152191,0.03537229,27.325,0.13025,0,aligned_meta.onset_sample
d#3,captures\d#3\rep020_20251219-135404,0,48000,15840,0.00158064,0.03146682,25.980,0.10925,0,aligned_meta.onset_sample
d#3,captures\d#3\rep021_20251219-224509,0,48000,15600,0.00090918,0.03556177,31.846,0.11923,0,aligned_meta.onset_sample
d#3,captures\d#3\rep022_20251219-224512,1,48000,14880,0.00077548,0.03291209,32.555,0.11545,0,aligned_meta.onset_sample
d#3,captures\d#3\rep023_20251219-224514,1,48000,15360,0.00054743,0.03202624,35.342,0.11234,0,aligned_meta.onset_sample
d#3,captures\d#3\rep024_20251219-224516,1,48000,15360,0.00074749,0.03479610,33.357,0.12704,0,aligned_meta.onset_sample
d#3,captures\d#3\rep025_20251219-224519,0,48000,15360,0.00129045,0.03819646,29.425,0.14227,0,aligned_meta.onset_sample
d#4,captures\d#4\rep001_20251219-224733,0,48000,15120,0.00124735,0.06620572,34.497,0.17010,0,aligned_meta.onset_sample
d#4,captures\d#4\rep002_20251219-224735,1,48000,15360,0.00059884,0.06102176,40.162,0.16846,0,aligned_meta.onset_sample
d#4,captures\d#4\rep003_20251219-224737,0,48000,16080,0.00091786,0.05721661,35.894,0.16028,0,aligned_meta.onset_sample
d#4,captures\d#4\rep004_20251219-224739,1,48000,15360,0.00068101,0.05979496,38.869,0.16666,0,aligned_meta.onset_sample
d#4,captures\d#4\rep005_20251219-224741,1,48000,15120,0.00054972,0.05853270,40.544,0.16049,0,aligned_meta.onset_sample
d#5,captures\d#5\rep001_20251219-225000,1,48000,15600,0.00036819,0.03546674,39.673,0.11865,0,aligned_meta.onset_sample
d#5,captures\d#5\rep002_20251219-225003,0,48000,15600,0.00046434,0.03055527,36.363,0.09906,0,aligned_meta.onset_sample
d#5,captures\d#5\rep003_20251219-225005,0,48000,16080,0.00062687,0.03092515,33.861,0.10648,0,aligned_meta.onset_sample
d#5,captures\d#5\rep004_20251219-225007,1,48000,15120,0.00032005,0.03012988,39.473,0.10489,0,aligned_meta.onset_sample
d#5,captures\d#5\rep005_20251219-225009,1,48000,15840,0.00042630,0.03423933,38.094,0.12704,0,aligned_meta.onset_sample
d#6,captures\d#6\rep001_20251219-225210,1,48000,15840,0.00051608,0.01286273,27.931,0.05493,0,aligned_meta.onset_sample
d#6,captures\d#6\rep002_20251219-225212,1,48000,16560,0.00054243,0.01166239,26.647,0.04428,0,aligned_meta.onset_sample
d#6,captures\d#6\rep003_20251219-225214,0,48000,14640,0.00117212,0.01853134,23.978,0.07220,0,aligned_meta.onset_sample
d#6,captures\d#6\rep004_20251219-225216,0,48000,16560,0.00061158,0.01298349,26.537,0.04941,0,aligned_meta.onset_sample
d#6,captures\d#6\rep005_20251219-225218,1,48000,16800,0.00053796,0.01412219,28.381,0.05728,0,aligned_meta.onset_sample
d#7,captures\d#7\rep001_20251219-230219,1,48000,15600,0.00033281,0.01584429,33.551,0.06781,0,aligned_meta.onset_sample
d#7,captures\d#7\rep002_20251219-230222,0,48000,15840,0.00034299,0.01188120,30.789,0.05136,0,aligned_meta.onset_sample
d#7,captures\d#7\rep003_20251219-230224,1,48000,15840,0.00031168,0.01563455,34.005,0.06689,0,aligned_meta.onset_sample
d#7,captures\d#7\rep004_20251219-230226,0,48000,15840,0.00034821,0.01142222,30.316,0.05005,0,aligned_meta.onset_sample
d#7,captures\d#7\rep005_20251219-230229,0,48000,15360,0.00035036,0.01137917,30.229,0.04965,0,aligned_meta.onset_sample
d#7,captures\d#7\rep006_20251219-230441,1,48000,15360,0.00034078,0.01931859,35.068,0.07510,0,aligned_meta.onset_sample
d1,captures\d1\rep001_20251219-223929,1,48000,15120,0.00057674,0.02800252,33.723,0.08835,0,aligned_meta.onset_sample
d1,captures\d1\rep002_20251219-223943,1,48000,15600,0.00035783,0.02565976,37.109,0.08252,0,aligned_meta.onset_sample
d1,captures\d1\rep003_20251219-223945,0,48000,15600,0.00078321,0.02887996,31.333,0.10138,0,aligned_meta.onset_sample
d1,captures\d1\rep004_20251219-223948,1,48000,15360,0.00041203,0.02726702,36.412,0.09930,0,aligned_meta.onset_sample
d1,captures\d1\rep005_20251219-223950,0,48000,15600,0.00056969,0.02654151,33.364,0.09351,0,aligned_meta.onset_sample
d2,captures\d2\rep002_20251219-224214,1,48000,14640,0.00058212,0.04773455,38.275,0.16513,0,aligned_meta.onset_sample
d2,captures\d2\rep003_20251219-224216,0,48000,15600,0.00058978,0.04794120,38.199,0.16348,0,aligned_meta.onset_sample
d2,captures\d2\rep004_20251219-224218,1,48000,15600,0.00056734,0.04990828,38.885,0.17606,0,aligned_meta.onset_sample
d2,captures\d2\rep005_20251219-224221,1,48000,15600,0.00058049,0.05019285,38.736,0.16705,0,aligned_meta.onset_sample
d3,captures\d3\rep001_20251219-224457,1,48000,15360,0.00076883,0.06038281,37.900,0.16898,0,aligned_meta.onset_sample
d3,captures\d3\rep002_20251219-224500,0,48000,14640,0.00090707,0.05660855,35.904,0.16483,0,aligned_meta.onset_sample
d3,captures\d3\rep003_20251219-224502,1,48000,15120,0.00066910,0.05543735,38.365,0.16144,0,aligned_meta.onset_sample
d3,captures\d3\rep004_20251219-224504,0,48000,14400,0.00075311,0.05298826,36.945,0.14972,0,aligned_meta.onset_sample
d3,captures\d3\rep005_20251219-224507,1,48000,15360,0.00065861,0.05471670,38.389,0.15607,0,aligned_meta.onset_sample
d4,captures\d4\rep001_20251219-224721,1,48000,15360,0.00055383,0.03180392,35.181,0.15512,0,aligned_meta.onset_sample
d4,captures\d4\rep002_20251219-224723,0,48000,15360,0.00080200,0.02852183,31.019,0.13895,0,aligned_meta.onset_sample
d4,captures\d4\rep003_20251219-224725,0,48000,15360,0.00083419,0.02929967,30.911,0.14594,0,aligned_meta.onset_sample
d4,captures\d4\rep004_20251219-224728,1,48000,15360,0.00052373,0.02799360,34.557,0.13684,0,aligned_meta.onset_sample
d4,captures\d4\rep005_20251219-224730,1,48000,14640,0.00075956,0.02701727,31.021,0.12909,0,aligned_meta.onset_sample
d5,captures\d5\rep001_20251219-224950,0,48000,15600,0.00094713,0.06051184,36.108,0.15363,0,aligned_meta.onset_sample
d5,captures\d5\rep002_20251219-224952,1,48000,16080,0.00072963,0.06897505,39.511,0.16986,0,aligned_meta.onset_sample
d5,captures\d5\rep003_20251219-224954,1,48000,15360,0.00080884,0.07331289,39.145,0.18469,0,aligned_meta.onset_sample
d5,captures\d5\rep004_20251219-224956,1,48000,15360,0.00074751,0.07123922,39.581,0.17889,0,aligned_meta.onset_sample
d5,captures\d5\rep005_20251219-224958,0,48000,16080,0.00118522,0.06297377,34.506,0.15790,0,aligned_meta.onset_sample
d6,captures\d6\rep001_20251219-225200,0,48000,16800,0.00065856,0.01667411,28.068,0.06296,0,aligned_meta.onset_sample
d6,captures\d6\rep002_20251219-225202,1,48000,15840,0.00039733,0.01169828,29.377,0.04596,0,aligned_meta.onset_sample
d6,captures\d6\rep003_20251219-225204,0,48000,16800,0.00072464,0.01442217,25.977,0.05637,0,aligned_meta.onset_sample
d6,captures\d6\rep004_20251219-225206,1,48000,15600,0.00035220,0.01525064,32.727,0.06256,0,aligned_meta.onset_sample
d6,captures\d6\rep005_20251219-225208,1,48000,15360,0.00045358,0.01605771,30.979,0.06149,0,aligned_meta.onset_sample
d7,captures\d7\rep001_20251219-230142,0,48000,15600,0.00037522,0.00998523,28.499,0.05267,0,aligned_meta.onset_sample
d7,captures\d7\rep002_20251219-230148,1,48000,14400,0.00031975,0.01607187,34.022,0.08682,0,aligned_meta.onset_sample
d7,captures\d7\rep003_20251219-230151,0,48000,14640,0.00036012,0.01462734,32.172,0.07846,0,aligned_meta.onset_sample
d7,captures\d7\rep004_20251219-230156,1,48000,15360,0.00035765,0.01478347,32.324,0.07776,0,aligned_meta.onset_sample
d7,captures\d7\rep005_20251219-230436,0,48000,15360,0.00032955,0.01244390,31.538,0.06232,0,aligned_meta.onset_sample
d7,captures\d7\rep006_20251219-230621,0,48000,14880,0.00038204,0.00736127,25.695,0.03741,0,aligned_meta.onset_sample
d7,captures\d7\rep007_20251219-230625,1,48000,15600,0.00038035,0.01592039,32.433,0.08896,0,aligned_meta.onset_sample
e1,captures\e1\rep001_20251219-224019,0,48000,16320,0.00137749,0.02852933,26.323,0.08997,0,aligned_meta.onset_sample
e1,captures\e1\rep002_20251219-224021,1,48000,15360,0.00124969,0.02695887,26.677,0.08319,0,aligned_meta.onset_sample
e1,captures\e1\rep003_20251219-224023,1,48000,15120,0.00081469,0.02367605,29.265,0.07169,0,aligned_meta.onset_sample
e1,captures\e1\rep004_20251219-224026,0,48000,15360,0.00142767,0.02881880,26.100,0.09225,0,aligned_meta.onset_sample
e1,captures\e1\rep005_20251219-224028,1,48000,16080,0.00122519,0.02637052,26.658,0.08344,0,aligned_meta.onset_sample
e2,captures\e2\rep001_20251219-224235,1,48000,15600,0.00114824,0.04038941,30.924,0.12155,0,aligned_meta.onset_sample
e2,captures\e2\rep002_20251219-224237,1,48000,15840,0.00097324,0.03741549,31.696,0.10828,0,aligned_meta.onset_sample
e2,captures\e2\rep003_20251219-224239,1,48000,15600,0.00081465,0.04619007,35.071,0.14331,0,aligned_meta.onset_sample
e2,captures\e2\rep004_20251219-224241,0,48000,15360,0.00126347,0.03943925,29.887,0.11136,0,aligned_meta.onset_sample
e3,captures\e3\rep001_20251219-224521,1,48000,15600,0.00050441,0.07408796,43.338,0.19168,0,aligned_meta.onset_sample
e3,captures\e3\rep002_20251219-224523,0,48000,15360,0.00044397,0.05768125,42.272,0.14432,0,aligned_meta.onset_sample
e3,captures\e3\rep003_20251219-224526,1,48000,15120,0.00044500,0.07081164,44.033,0.17447,0,aligned_meta.onset_sample
e3,captures\e3\rep004_20251219-224528,1,48000,15600,0.00042902,0.06452892,43.544,0.16336,0,aligned_meta.onset_sample
e3,captures\e3\rep005_20251219-224531,0,48000,15120,0.00047000,0.05911762,41.990,0.14017,0,aligned_meta.onset_sample
e4,captures\e4\rep001_20251219-135819,0,48000,15360,0.00111375,0.04436199,32.004,0.16312,0,aligned_meta.onset_sample
e4,captures\e4\rep002_20251219-135821,0,48000,15600,0.00119645,0.04803865,32.073,0.19006,0,aligned_meta.onset_sample
e4,captures\e4\rep003_20251219-135823,0,48000,15360,0.00134116,0.04978358,31.391,0.17871,0,aligned_meta.onset_sample
e4,captures\e4\rep004_20251219-135825,0,48000,15600,0.00112028,0.04808919,32.654,0.17886,0,aligned_meta.onset_sample
e4,captures\e4\rep005_20251219-135827,0,48000,15840,0.00100626,0.05071253,34.047,0.16476,0,aligned_meta.onset_sample
e4,captures\e4\rep006_20251219-135829,0,48000,15120,0.00129509,0.05730361,32.917,0.18298,0,aligned_meta.onset_sample
e4,captures\e4\rep007_20251219-135831,0,48000,15840,0.00066770,0.03332670,33.963,0.11679,0,aligned_meta.onset_sample
e4,captures\e4\rep008_20251219-135833,1,48000,15360,0.00062670,0.03600222,35.184,0.13519,0,aligned_meta.onset_sample
e4,captures\e4\rep009_20251219-135835,0,48000,15120,0.00116881,0.04910890,32.468,0.17209,0,aligned_meta.onset_sample
e4,captures\e4\rep010_20251219-135837,0,48000,15840,0.00129490,0.04687238,31.173,0.16501,0,aligned_meta.onset_sample
e4,captures\e4\rep011_20251219-135839,0,48000,15360,0.00070152,0.03291444,33.426,0.12061,0,aligned_meta.onset_sample
e4,captures\e4\rep012_20251219-135841,1,48000,15360,0.00079001,0.04410739,34.936,0.16241,0,aligned_meta.onset_sample
e4,captures\e4\rep013_20251219-135844,0,48000,15600,0.00096580,0.04798475,33.923,0.15320,0,aligned_meta.onset_sample
e4,captures\e4\rep014_20251219-135846,0,48000,15600,0.00084873,0.04416472,34.325,0.14291,0,aligned_meta.onset_sample
e4,captures\e4\rep015_20251219-135848,0,48000,16080,0.00112141,0.04327469,31.729,0.16028,0,aligned_meta.onset_sample
e4,captures\e4\rep016_20251219-135850,1,48000,15840,0.00064926,0.04363412,36.547,0.15213,0,aligned_meta.onset_sample
e4,captures\e4\rep017_20251219-135852,0,48000,15840,0.00119868,0.03885144,30.213,0.14893,0,aligned_meta.onset_sample
e4,captures\e4\rep018_20251219-135854,0,48000,15600,0.00092537,0.04450593,33.641,0.15494,0,aligned_meta.onset_sample
e4,captures\e4\rep019_20251219-135856,0,48000,15600,0.00120927,0.04323613,31.066,0.15976,0,aligned_meta.onset_sample
e4,captures\e4\rep020_20251219-135858,0,48000,15840,0.00112254,0.04241934,31.546,0.14136,0,aligned_meta.onset_sample
e4,captures\e4\rep021_20251219-224807,0,48000,15120,0.00123703,0.05054784,32.226,0.18561,0,aligned_meta.onset_sample
e4,captures\e4\rep022_20251219-224810,0,48000,15120,0.00099093,0.05070599,34.179,0.19556,0,aligned_meta.onset_sample
e5,captures\e5\rep001_20251219-225012,1,48000,15120,0.00048088,0.02849106,35.452,0.12723,0,aligned_meta.onset_sample
e5,captures\e5\rep002_20251219-225014,1,48000,14640,0.00037894,0.02816330,37.420,0.12314,0,aligned_meta.onset_sample
e5,captures\e5\rep003_20251219-225016,1,48000,15360,0.00046109,0.03438717,37.450,0.13782,0,aligned_meta.onset_sample
e5,captures\e5\rep004_20251219-225018,0,48000,15600,0.00062883,0.03010303,33.600,0.12881,0,aligned_meta.onset_sample
e5,captures\e5\rep005_20251219-225020,0,48000,15600,0.00062957,0.02963516,33.454,0.12927,0,aligned_meta.onset_sample
e6,captures\e6\rep001_20251219-225220,0,48000,16320,0.00074593,0.02264816,29.646,0.08270,0,aligned_meta.onset_sample
e6,captures\e6\rep002_20251219-225222,0,48000,17280,0.00059337,0.02168294,31.254,0.08792,0,aligned_meta.onset_sample
e6,captures\e6\rep003_20251219-225223,1,48000,16560,0.00048971,0.02056585,32.462,0.07834,0,aligned_meta.onset_sample
e6,captures\e6\rep004_20251219-225225,1,48000,15360,0.00038515,0.02165223,34.995,0.08881,0,aligned_meta.onset_sample
e6,captures\e6\rep005_20251219-225227,1,48000,15600,0.00037463,0.02341454,35.915,0.09583,0,aligned_meta.onset_sample
e7,captures\e7\rep001_20251219-230232,0,48000,15360,0.00032770,0.00850029,28.277,0.03705,0,aligned_meta.onset_sample
e7,captures\e7\rep002_20251219-230238,0,48000,14880,0.00032561,0.00749759,27.242,0.03146,0,aligned_meta.onset_sample
e7,captures\e7\rep003_20251219-230241,1,48000,15120,0.00039134,0.01059202,28.646,0.04596,0,aligned_meta.onset_sample
e7,captures\e7\rep004_20251219-230244,1,48000,14640,0.00033898,0.01150707,30.613,0.04675,0,aligned_meta.onset_sample
e7,captures\e7\rep005_20251219-230248,1,48000,15120,0.00031895,0.01132026,31.000,0.05130,0,aligned_meta.onset_sample
e7,captures\e7\rep006_20251219-230444,0,48000,15120,0.00035885,0.00954320,28.493,0.04260,0,aligned_meta.onset_sample
f#1,captures\f#1\rep001_20251219-224041,0,48000,14640,0.00070535,0.02935234,32.384,0.10574,0,aligned_meta.onset_sample
f#1,captures\f#1\rep002_20251219-224043,1,48000,15360,0.00052385,0.03019677,35.213,0.11575,0,aligned_meta.onset_sample
f#1,captures\f#1\rep003_20251219-224046,1,48000,15600,0.00063133,0.03262306,34.264,0.12350,0,aligned_meta.onset_sample
f#1,captures\f#1\rep004_20251219-224048,0,48000,16080,0.00084971,0.03200015,31.517,0.11649,0,aligned_meta.onset_sample
f#1,captures\f#1\rep005_20251219-224050,1,48000,15600,0.00081328,0.03823987,33.445,0.13489,0,aligned_meta.onset_sample
f#2,captures\f#2\rep002_20251219-224315,0,48000,15360,0.00134228,0.04605781,30.709,0.14380,0,aligned_meta.onset_sample
f#2,captures\f#2\rep003_20251219-224317,1,48000,16320,0.00094618,0.04756587,34.026,0.15274,0,aligned_meta.onset_sample
f#2,captures\f#2\rep004_20251219-224319,1,48000,16080,0.00076635,0.04659909,35.678,0.14740,0,aligned_meta.onset_sample
f#2,captures\f#2\rep005_20251219-224322,1,48000,15600,0.00060430,0.04890529,38.161,0.15616,0,aligned_meta.onset_sample
f#3,captures\f#3\rep001_20251219-135451,0,48000,14640,0.00115682,0.05667155,33.801,0.18726,0,aligned_meta.onset_sample
f#3,captures\f#3\rep003_20251219-135456,0,48000,15360,0.00115118,0.05308652,33.276,0.18002,0,aligned_meta.onset_sample
f#3,captures\f#3\rep005_20251219-135501,0,48000,15120,0.00142211,0.06401413,33.066,0.19553,0,aligned_meta.onset_sample
f#3,captures\f#3\rep006_20251219-135503,0,48000,15600,0.00175140,0.05595382,30.088,0.17526,0,aligned_meta.onset_sample
f#3,captures\f#3\rep007_20251219-135505,0,48000,15600,0.00138080,0.05374189,31.803,0.17072,0,aligned_meta.onset_sample
f#3,captures\f#3\rep008_20251219-135508,0,48000,16560,0.00140023,0.03693676,28.425,0.10669,0,aligned_meta.onset_sample
f#3,captures\f#3\rep010_20251219-135512,0,48000,16080,0.00121406,0.03977610,30.307,0.11990,0,aligned_meta.onset_sample
f#3,captures\f#3\rep013_20251219-135519,0,48000,15360,0.00127026,0.05184206,32.215,0.16251,0,aligned_meta.onset_sample
f#3,captures\f#3\rep014_20251219-135521,0,48000,15360,0.00141806,0.04772804,30.541,0.14389,0,aligned_meta.onset_sample
f#3,captures\f#3\rep015_20251219-135523,0,48000,15840,0.00116206,0.04273884,31.311,0.12482,0,aligned_meta.onset_sample
f#3,captures\f#3\rep016_20251219-135526,0,48000,15840,0.00123193,0.04722634,31.671,0.14261,0,aligned_meta.onset_sample
f#3,captures\f#3\rep017_20251219-135528,0,48000,15600,0.00101689,0.05830344,35.168,0.18997,0,aligned_meta.onset_sample
f#3,captures\f#3\rep018_20251219-135530,0,48000,15360,0.00158979,0.05357177,30.551,0.16241,0,aligned_meta.onset_sample
f#3,captures\f#3\rep019_20251219-135532,0,48000,16080,0.00132864,0.05984503,33.072,0.18909,0,aligned_meta.onset_sample
f#3,captures\f#3\rep021_20251219-224545,0,48000,14880,0.00093059,0.05988002,36.170,0.17130,0,aligned_meta.onset_sample
f#3,captures\f#3\rep022_20251219-224547,1,48000,15360,0.00068282,0.06510851,39.585,0.19739,0,aligned_meta.onset_sample
f#3,captures\f#3\rep023_20251219-224550,1,48000,15120,0.00106675,0.06997863,36.337,0.20886,0,aligned_meta.onset_sample
f#3,captures\f#3\rep024_20251219-224552,1,48000,14880,0.00071808,0.06481306,39.109,0.19684,0,aligned_meta.onset_sample
f#3,captures\f#3\rep025_20251219-224555,0,48000,15360,0.00098098,0.06351173,36.223,0.18289,0,aligned_meta.onset_sample
f#4,captures\f#4\rep003_20251219-224830,1,48000,15840,0.00119724,0.02695166,27.047,0.09451,0,aligned_meta.onset_sample
f#4,captures\f#4\rep004_20251219-224832,1,48000,15600,0.00116963,0.02792020,27.557,0.09271,0,aligned_meta.onset_sample
f#4,captures\f#4\rep005_20251219-224834,1,48000,15600,0.00148453,0.03120500,26.452,0.09909,0,aligned_meta.onset_sample
f#5,captures\f#5\rep001_20251219-225035,1,48000,15120,0.00034866,0.02882619,38.345,0.10941,0,aligned_meta.onset_sample
f#5,captures\f#5\rep002_20251219-225038,1,48000,15120,0.00036219,0.03071883,38.567,0.11246,0,aligned_meta.onset_sample
f#5,captures\f#5\rep003_20251219-225040,0,48000,14880,0.00042506,0.03143702,37.378,0.11392,0,aligned_meta.onset_sample
f#5,captures\f#5\rep004_20251219-225042,1,48000,15120,0.00037256,0.02803788,37.529,0.09747,0,aligned_meta.onset_sample
f#5,captures\f#5\rep005_20251219-225044,0,48000,15120,0.00047016,0.03262787,36.825,0.11765,0,aligned_meta.onset_sample
f#6,captures\f#6\rep002_20251219-225241,1,48000,16320,0.00057667,0.01721041,29.496,0.07010,0,aligned_meta.onset_sample
f#6,captures\f#6\rep003_20251219-225243,1,48000,16320,0.00061364,0.01976493,30.158,0.08118,0,aligned_meta.onset_sample
f#6,captures\f#6\rep004_20251219-225245,0,48000,16560,0.00068075,0.01784913,28.371,0.07410,0,aligned_meta.onset_sample
f#6,captures\f#6\rep005_20251219-225248,1,48000,14640,0.00046292,0.01652788,31.052,0.06924,0,aligned_meta.onset_sample
f#7,captures\f#7\rep001_20251219-230312,1,48000,15120,0.00033942,0.01654789,33.758,0.07846,0,aligned_meta.onset_sample
f#7,captures\f#7\rep002_20251219-230314,0,48000,15600,0.00033189,0.01161199,30.876,0.05408,0,aligned_meta.onset_sample
f#7,captures\f#7\rep003_20251219-230316,1,48000,15360,0.00032570,0.01397331,32.647,0.06763,0,aligned_meta.onset_sample
f#7,captures\f#7\rep004_20251219-230318,0,48000,16080,0.00038621,0.01556675,32.105,0.07733,0,aligned_meta.onset_sample
f#7,captures\f#7\rep005_20251219-230321,0,48000,15840,0.00035446,0.01192368,30.534,0.05542,0,aligned_meta.onset_sample
f#7,captures\f#7\rep007_20251219-230451,1,48000,15840,0.00033382,0.01458387,32.805,0.06989,0,aligned_meta.onset_sample
f1,captures\f1\rep001_20251219-134527,0,48000,14880,0.00053938,0.02217639,32.278,0.07300,0,aligned_meta.onset_sample
f1,captures\f1\rep002_20251219-134531,0,48000,16560,0.00089992,0.02799472,29.856,0.07574,0,aligned_meta.onset_sample
f1,captures\f1\rep003_20251219-134534,1,48000,14880,0.00050713,0.02692756,34.500,0.08289,0,aligned_meta.onset_sample
f1,captures\f1\rep004_20251219-134537,0,48000,16080,0.00068094,0.02855805,32.451,0.08575,0,aligned_meta.onset_sample
f1,captures\f1\rep007_20251219-134545,0,48000,15360,0.00096174,0.02336190,27.708,0.09094,0,aligned_meta.onset_sample
f1,captures\f1\rep008_20251219-134547,0,48000,16080,0.00117513,0.02710382,27.258,0.08020,0,aligned_meta.onset_sample
f1,captures\f1\rep009_20251219-134549,1,48000,14880,0.00057808,0.02519282,32.784,0.08725,0,aligned_meta.onset_sample
f1,captures\f1\rep010_20251219-134551,0,48000,15840,0.00103468,0.02479215,27.589,0.07739,0,aligned_meta.onset_sample
f1,captures\f1\rep011_20251219-134554,0,48000,15840,0.00100949,0.02434906,27.647,0.08420,0,aligned_meta.onset_sample
f1,captures\f1\rep012_20251219-134556,0,48000,15840,0.00104552,0.03253714,29.860,0.09000,0,aligned_meta.onset_sample
f1,captures\f1\rep013_20251219-134558,0,48000,15120,0.00076818,0.02271904,29.417,0.08652,0,aligned_meta.onset_sample
f1,captures\f1\rep014_20251219-134600,0,48000,16320,0.00096209,0.02271322,27.460,0.07532,0,aligned_meta.onset_sample
f1,captures\f1\rep015_20251219-134602,0,48000,15600,0.00095542,0.02776560,29.265,0.09528,0,aligned_meta.onset_sample
f1,captures\f1\rep016_20251219-134604,0,48000,15840,0.00125926,0.01875846,23.461,0.07147,0,aligned_meta.onset_sample
f1,captures\f1\rep017_20251219-134606,0,48000,16080,0.00075032,0.02249067,29.534,0.08124,0,aligned_meta.onset_sample
f1,captures\f1\rep018_20251219-134608,0,48000,16080,0.00115494,0.02284484,25.924,0.08835,0,aligned_meta.onset_sample
f1,captures\f1\rep019_20251219-134611,0,48000,15840,0.00089683,0.03165891,30.955,0.09140,0,aligned_meta.onset_sample
f1,captures\f1\rep020_20251219-134613,0,48000,15600,0.00083082,0.02170902,28.342,0.08392,0,aligned_meta.onset_sample
f1,captures\f1\rep021_20251219-224030,1,48000,15840,0.00055430,0.03644244,36.356,0.10803,0,aligned_meta.onset_sample
f1,captures\f1\rep022_20251219-224032,0,48000,15360,0.00088724,0.03430155,31.744,0.09610,0,aligned_meta.onset_sample
f1,captures\f1\rep023_20251219-224035,0,48000,15360,0.00079794,0.03219229,32.115,0.11371,0,aligned_meta.onset_sample
f1,captures\f1\rep024_20251219-224037,0,48000,15360,0.00090314,0.03421954,31.569,0.10788,0,aligned_meta.onset_sample
f1,captures\f1\rep025_20251219-224039,0,48000,15840,0.00090862,0.02665739,29.348,0.08801,0,aligned_meta.onset_sample
f2,captures\f2\rep001_20251219-224302,1,48000,15360,0.00069274,0.03177283,33.228,0.10522,0,aligned_meta.onset_sample
f2,captures\f2\rep002_20251219-224304,1,48000,15360,0.00084516,0.03361897,31.992,0.11136,0,aligned_meta.onset_sample
f2,captures\f2\rep003_20251219-224307,1,48000,15600,0.00095987,0.03788197,31.923,0.12589,0,aligned_meta.onset_sample
f2,captures\f2\rep004_20251219-224309,0,48000,15120,0.00091673,0.03174403,30.787,0.10086,0,aligned_meta.onset_sample
f3,captures\f3\rep001_20251219-224533,0,48000,15600,0.00052298,0.08073037,43.769,0.22034,0,aligned_meta.onset_sample
f3,captures\f3\rep002_20251219-224535,1,48000,15120,0.00039401,0.07460008,45.543,0.20840,0,aligned_meta.onset_sample
f3,captures\f3\rep003_20251219-224538,1,48000,15600,0.00051713,0.07984810,43.772,0.21890,0,aligned_meta.onset_sample
f3,captures\f3\rep004_20251219-224540,0,48000,15360,0.00050385,0.07668146,43.646,0.21310,0,aligned_meta.onset_sample
f3,captures\f3\rep005_20251219-224543,1,48000,16080,0.00048863,0.07801381,44.062,0.21750,0,aligned_meta.onset_sample
f4,captures\f4\rep001_20251219-224815,1,48000,15120,0.00110476,0.03179004,29.180,0.09940,0,aligned_meta.onset_sample
f4,captures\f4\rep002_20251219-224817,0,48000,15360,0.00110937,0.03128273,29.004,0.09637,0,aligned_meta.onset_sample
f4,captures\f4\rep003_20251219-224819,1,48000,15360,0.00077559,0.03287076,32.542,0.10367,0,aligned_meta.onset_sample
f4,captures\f4\rep004_20251219-224821,0,48000,14880,0.00109457,0.03089916,29.013,0.09293,0,aligned_meta.onset_sample
f4,captures\f4\rep005_20251219-224823,1,48000,15120,0.00090617,0.03136479,30.784,0.09344,0,aligned_meta.onset_sample
f5,captures\f5\rep001_20251219-225025,1,48000,14880,0.00064111,0.04823220,37.527,0.13879,0,aligned_meta.onset_sample
f5,captures\f5\rep002_20251219-225027,1,48000,15360,0.00060677,0.04890558,38.125,0.14456,0,aligned_meta.onset_sample
f5,captures\f5\rep003_20251219-225029,0,48000,15120,0.00093544,0.04927140,34.431,0.14938,0,aligned_meta.onset_sample
f5,captures\f5\rep004_20251219-225031,1,48000,15600,0.00066799,0.05202344,37.827,0.16006,0,aligned_meta.onset_sample
f5,captures\f5\rep005_20251219-225033,0,48000,15600,0.00073998,0.04261272,35.205,0.13406,0,aligned_meta.onset_sample
f6,captures\f6\rep001_20251219-225229,1,48000,15840,0.00050212,0.01209835,27.637,0.05927,0,aligned_meta.onset_sample
f6,captures\f6\rep002_20251219-225231,0,48000,16320,0.00071885,0.01056541,23.344,0.04916,0,aligned_meta.onset_sample
f6,captures\f6\rep004_20251219-225235,1,48000,16800,0.00043733,0.01174950,28.582,0.05597,0,aligned_meta.onset_sample
f6,captures\f6\rep005_20251219-225237,1,48000,16560,0.00045161,0.01226488,28.676,0.05847,0,aligned_meta.onset_sample
f7,captures\f7\rep001_20251219-230252,1,48000,14880,0.00035235,0.01635439,33.331,0.07504,0,aligned_meta.onset_sample
f7,captures\f7\rep002_20251219-230256,0,48000,15120,0.00033451,0.01418849,32.548,0.06915,0,aligned_meta.onset_sample
f7,captures\f7\rep003_20251219-230259,0,48000,15120,0.00035477,0.01435680,32.140,0.06079,0,aligned_meta.onset_sample
f7,captures\f7\rep004_20251219-230302,1,48000,14880,0.00033995,0.01555918,33.209,0.06442,0,aligned_meta.onset_sample
f7,captures\f7\rep005_20251219-230305,0,48000,15120,0.00032954,0.01460935,32.932,0.06287,0,aligned_meta.onset_sample
f7,captures\f7\rep006_20251219-230308,1,48000,15360,0.00033467,0.01517213,33.126,0.06799,0,aligned_meta.onset_sample
f7,captures\f7\rep007_20251219-230448,0,48000,15120,0.00037601,0.01664241,32.918,0.07086,0,aligned_meta.onset_sample
g#1,captures\g#1\rep001_20251219-224103,0,48000,15840,0.00091670,0.02770014,29.604,0.09998,0,aligned_meta.onset_sample
g#1,captures\g#1\rep002_20251219-224106,1,48000,15360,0.00081570,0.02952369,31.172,0.11893,0,aligned_meta.onset_sample
g#1,captures\g#1\rep003_20251219-224108,1,48000,15360,0.00077027,0.02998644,31.805,0.12079,0,aligned_meta.onset_sample
g#1,captures\g#1\rep004_20251219-224110,0,48000,15840,0.00088931,0.02681543,29.586,0.10422,0,aligned_meta.onset_sample
g#1,captures\g#1\rep005_20251219-224112,1,48000,15360,0.00076929,0.03090128,32.077,0.10645,0,aligned_meta.onset_sample
g#2,captures\g#2\rep001_20251219-224336,1,48000,15840,0.00072797,0.04610036,36.031,0.13187,0,aligned_meta.onset_sample
g#2,captures\g#2\rep002_20251219-224339,1,48000,15360,0.00082153,0.04766009,35.270,0.13998,0,aligned_meta.onset_sample
g#2,captures\g#2\rep003_20251219-224341,1,48000,15600,0.00076901,0.04098813,34.533,0.11453,0,aligned_meta.onset_sample
g#2,captures\g#2\rep004_20251219-224343,0,48000,14640,0.00095061,0.04597364,33.689,0.13077,0,aligned_meta.onset_sample
g#2,captures\g#2\rep005_20251219-224346,0,48000,15360,0.00110557,0.04848219,32.839,0.14648,0,aligned_meta.onset_sample
g#3,captures\g#3\rep001_20251219-224609,1,48000,16320,0.00064939,0.04179519,36.171,0.13611,0,aligned_meta.onset_sample
g#3,captures\g#3\rep002_20251219-224612,0,48000,16320,0.00101713,0.03854636,31.571,0.12881,0,aligned_meta.onset_sample
g#3,captures\g#3\rep003_20251219-224614,1,48000,15120,0.00075240,0.03736316,33.919,0.12958,0,aligned_meta.onset_sample
g#3,captures\g#3\rep004_20251219-224617,0,48000,15360,0.00088678,0.03643482,32.273,0.11771,0,aligned_meta.onset_sample
g#3,captures\g#3\rep005_20251219-224619,1,48000,14880,0.00077939,0.03443302,32.903,0.11356,0,aligned_meta.onset_sample
g#4,captures\g#4\rep001_20251219-224846,1,48000,15360,0.00118838,0.03361201,29.030,0.13217,0,aligned_meta.onset_sample
g#4,captures\g#4\rep002_20251219-224848,1,48000,15840,0.00115729,0.03372953,29.291,0.12433,0,aligned_meta.onset_sample
g#4,captures\g#4\rep003_20251219-224850,1,48000,15360,0.00082716,0.03437329,32.372,0.12613,0,aligned_meta.onset_sample
g#4,captures\g#4\rep004_20251219-224853,0,48000,15840,0.00125356,0.03174652,28.070,0.12424,0,aligned_meta.onset_sample
g#4,captures\g#4\rep005_20251219-224855,0,48000,15120,0.00133386,0.03510056,28.403,0.13336,0,aligned_meta.onset_sample
g#5,captures\g#5\rep001_20251219-225057,1,48000,15120,0.00032873,0.05020580,43.676,0.16922,0,aligned_meta.onset_sample
g#5,captures\g#5\rep002_20251219-225059,0,48000,15360,0.00044476,0.04074259,39.236,0.15204,0,aligned_meta.onset_sample
g#5,captures\g#5\rep003_20251219-225101,1,48000,15360,0.00033767,0.04989446,43.389,0.18323,0,aligned_meta.onset_sample
g#5,captures\g#5\rep004_20251219-225103,0,48000,14640,0.00029729,0.04190538,42.979,0.14304,0,aligned_meta.onset_sample
g#5,captures\g#5\rep005_20251219-225105,1,48000,15360,0.00033801,0.05037304,43.463,0.18243,0,aligned_meta.onset_sample
g#6,captures\g#6\rep001_20251219-225303,0,48000,16320,0.00100301,0.03370918,30.528,0.11725,0,aligned_meta.onset_sample
g#6,captures\g#6\rep002_20251219-225306,0,48000,14400,0.00056953,0.02809156,33.860,0.10812,0,aligned_meta.onset_sample
g#6,captures\g#6\rep003_20251219-225308,0,48000,16080,0.00048606,0.02412052,33.912,0.08493,0,aligned_meta.onset_sample
g#6,captures\g#6\rep004_20251219-225311,1,48000,17040,0.00048098,0.02608497,34.684,0.08841,0,aligned_meta.onset_sample
g#6,captures\g#6\rep005_20251219-225313,1,48000,14880,0.00033339,0.01776492,34.530,0.06860,0,aligned_meta.onset_sample
g#6,captures\g#6\rep006_20251219-225528,1,48000,15840,0.00072221,0.04019016,34.908,0.14117,0,aligned_meta.onset_sample
g#6,captures\g#6\rep007_20251219-225530,0,48000,15840,0.00065658,0.02757817,32.464,0.09372,0,aligned_meta.onset_sample
g#7,captures\g#7\rep001_20251219-230345,1,48000,14640,0.00032418,0.01910482,35.404,0.08533,0,aligned_meta.onset_sample
g#7,captures\g#7\rep002_20251219-230348,0,48000,15600,0.00034744,0.01722090,33.901,0.07690,0,aligned_meta.onset_sample
g#7,captures\g#7\rep003_20251219-230350,0,48000,16080,0.00033994,0.01441693,32.547,0.06219,0,aligned_meta.onset_sample
g#7,captures\g#7\rep004_20251219-230352,1,48000,15360,0.00032912,0.01775660,34.638,0.07956,0,aligned_meta.onset_sample
g#7,captures\g#7\rep005_20251219-230355,0,48000,15840,0.00032199,0.01503157,33.381,0.06845,0,aligned_meta.onset_sample
g#7,captures\g#7\rep006_20251219-230357,1,48000,15600,0.00033587,0.01804482,34.601,0.07944,0,aligned_meta.onset_sample
g#7,captures\g#7\rep007_20251219-230455,0,48000,15840,0.00034743,0.01789575,34.235,0.07715,0,aligned_meta.onset_sample
g1,captures\g1\rep001_20251219-224052,1,48000,16080,0.00048889,0.03773087,37.748,0.13269,0,aligned_meta.onset_sample
g1,captures\g1\rep002_20251219-224054,1,48000,15840,0.00114612,0.04242693,31.368,0.14651,0,aligned_meta.onset_sample
g1,captures\g1\rep003_20251219-224057,0,48000,15600,0.00130179,0.03926804,29.589,0.13614,0,aligned_meta.onset_sample
g1,captures\g1\rep004_20251219-224059,1,48000,15600,0.00097771,0.04044459,32.332,0.14090,0,aligned_meta.onset_sample
g1,captures\g1\rep005_20251219-224101,0,48000,15600,0.00108733,0.03865514,31.016,0.13483,0,aligned_meta.onset_sample
g2,captures\g2\rep001_20251219-224324,1,48000,16080,0.00055728,0.05563758,39.984,0.16064,0,aligned_meta.onset_sample
g2,captures\g2\rep002_20251219-224327,0,48000,15360,0.00089778,0.04860193,34.669,0.13916,0,aligned_meta.onset_sample
g2,captures\g2\rep003_20251219-224329,1,48000,15360,0.00073818,0.04205767,35.112,0.13126,0,aligned_meta.onset_sample
g2,captures\g2\rep004_20251219-224331,0,48000,15120,0.00081082,0.04196489,34.278,0.12555,0,aligned_meta.onset_sample
g2,captures\g2\rep005_20251219-224334,1,48000,15360,0.00055382,0.04903278,38.941,0.16107,0,aligned_meta.onset_sample
g3,captures\g3\rep001_20251219-224557,0,48000,15120,0.00077287,0.04242095,34.788,0.12418,0,aligned_meta.onset_sample
g3,captures\g3\rep002_20251219-224600,1,48000,15840,0.00057189,0.04246266,37.412,0.12555,0,aligned_meta.onset_sample
g3,captures\g3\rep003_20251219-224602,1,48000,15840,0.00048548,0.04380780,39.106,0.12662,0,aligned_meta.onset_sample
g3,captures\g3\rep004_20251219-224604,1,48000,16080,0.00036925,0.03711934,40.043,0.11884,0,aligned_meta.onset_sample
g4,captures\g4\rep002_20251219-135924,0,48000,15600,0.00128954,0.03038816,27.445,0.11887,0,aligned_meta.onset_sample
g4,captures\g4\rep003_20251219-135926,0,48000,15360,0.00123218,0.02934359,27.536,0.10440,0,aligned_meta.onset_sample
g4,captures\g4\rep004_20251219-135928,0,48000,15120,0.00153477,0.03075203,26.036,0.10788,0,aligned_meta.onset_sample
g4,captures\g4\rep005_20251219-135930,0,48000,15600,0.00131259,0.02882609,26.833,0.09686,0,aligned_meta.onset_sample
g4,captures\g4\rep006_20251219-135932,0,48000,15360,0.00136768,0.02653002,25.754,0.09167,0,aligned_meta.onset_sample
g4,captures\g4\rep007_20251219-135934,0,48000,15360,0.00129191,0.03512456,28.687,0.11420,0,aligned_meta.onset_sample
g4,captures\g4\rep010_20251219-135940,0,48000,16080,0.00091182,0.01883973,26.302,0.06686,0,aligned_meta.onset_sample
g4,captures\g4\rep011_20251219-135942,0,48000,17040,0.00079241,0.01129749,23.080,0.03564,0,aligned_meta.onset_sample
g4,captures\g4\rep012_20251219-135945,0,48000,15360,0.00192572,0.03036800,23.956,0.10788,0,aligned_meta.onset_sample
g4,captures\g4\rep013_20251219-135947,0,48000,15600,0.00101118,0.02869062,29.057,0.10742,0,aligned_meta.onset_sample
g4,captures\g4\rep014_20251219-135949,0,48000,15120,0.00084230,0.02567797,29.681,0.08945,0,aligned_meta.onset_sample
g4,captures\g4\rep015_20251219-135952,0,48000,15600,0.00108925,0.02451052,27.044,0.07895,0,aligned_meta.onset_sample
g4,captures\g4\rep016_20251219-135954,0,48000,15120,0.00100528,0.02499254,27.910,0.08481,0,aligned_meta.onset_sample
g4,captures\g4\rep017_20251219-135956,0,48000,15120,0.00086871,0.02328235,28.562,0.07370,0,aligned_meta.onset_sample
g4,captures\g4\rep018_20251219-135959,0,48000,15120,0.00123730,0.02502408,26.117,0.08401,0,aligned_meta.onset_sample
g4,captures\g4\rep019_20251219-140001,0,48000,15120,0.00086125,0.02393636,28.878,0.08612,0,aligned_meta.onset_sample
g4,captures\g4\rep020_20251219-140003,1,48000,14640,0.00063925,0.02729657,32.607,0.10461,0,aligned_meta.onset_sample
g4,captures\g4\rep021_20251219-224836,0,48000,16080,0.00106209,0.02664118,27.987,0.08682,0,aligned_meta.onset_sample
g4,captures\g4\rep022_20251219-224838,1,48000,15600,0.00050030,0.02547809,34.137,0.07819,0,aligned_meta.onset_sample
g4,captures\g4\rep023_20251219-224840,0,48000,15360,0.00111125,0.02879487,28.269,0.09064,0,aligned_meta.onset_sample
g4,captures\g4\rep024_20251219-224842,0,48000,15120,0.00085166,0.02706128,30.041,0.08990,0,aligned_meta.onset_sample
g4,captures\g4\rep025_20251219-224844,1,48000,14400,0.00051458,0.02465509,33.607,0.08365,0,aligned_meta.onset_sample
g5,captures\g5\rep001_20251219-225046,1,48000,14400,0.00034049,0.03591673,40.461,0.09091,0,aligned_meta.onset_sample
g5,captures\g5\rep002_20251219-225048,1,48000,16320,0.00040675,0.04859217,41.543,0.12366,0,aligned_meta.onset_sample
g5,captures\g5\rep003_20251219-225050,1,48000,15600,0.00048495,0.04174563,38.697,0.09546,0,aligned_meta.onset_sample
g5,captures\g5\rep004_20251219-225052,0,48000,15120,0.00048052,0.04058088,38.530,0.09808,0,aligned_meta.onset_sample
g5,captures\g5\rep005_20251219-225054,0,48000,15600,0.00059167,0.04030144,36.663,0.08905,0,aligned_meta.onset_sample
g6,captures\g6\rep001_20251219-225251,0,48000,15840,0.00075730,0.01423820,25.483,0.05417,0,aligned_meta.onset_sample
g6,captures\g6\rep002_20251219-225254,1,48000,15120,0.00042344,0.01293851,29.700,0.04889,0,aligned_meta.onset_sample
g6,captures\g6\rep003_20251219-225256,1,48000,14640,0.00079790,0.01552082,25.778,0.05762,0,aligned_meta.onset_sample
g6,captures\g6\rep004_20251219-225523,1,48000,14880,0.00057166,0.01570525,28.777,0.05872,0,aligned_meta.onset_sample
g6,captures\g6\rep005_20251219-225525,0,48000,16080,0.00083038,0.01363886,24.309,0.04712,0,aligned_meta.onset_sample
g7,captures\g7\rep001_20251219-230327,1,48000,14880,0.00033232,0.00965448,29.261,0.04776,0,aligned_meta.onset_sample
g7,captures\g7\rep003_20251219-230332,1,48000,14880,0.00032154,0.00883361,28.776,0.04355,0,aligned_meta.onset_sample
g7,captures\g7\rep004_20251219-230338,0,48000,14880,0.00033533,0.00854185,28.119,0.04102,0,aligned_meta.onset_sample
g7,captures\g7\rep005_20251219-230340,1,48000,14880,0.00031330,0.00825144,28.409,0.04340,0,aligned_meta.onset_sample
g7,captures\g7\rep006_20251219-230453,0,48000,15120,0.00033109,0.00859755,28.286,0.04013,0,aligned_meta.onset_sample
